RmsStationId,NodeId,TenantId,TagId,MobileNumber,LogIntValue,LogFloatValue,ServerTime,LogTime
5767,35,0,0,0,0,54.95504761,1/2/2026 9:19,1/2/2026 9:19
1077,27,8,0,1767319859,0,0.052919198,1/2/2026 8:12,1/2/2026 8:12
3219,89,25,0,1767094279,0,76.49981689,1/1/2026 9:32,1/1/2026 9:32
4458,27,7,0,1767269127,2,0,1/1/2026 18:06,1/1/2026 18:06
2991,27,9,0,1767245133,0,0.03315831,1/1/2026 11:26,1/1/2026 11:26
6961,27,7,0,1767325701,0,0.109146759,1/2/2026 9:50,1/2/2026 9:50
5831,42,0,0,0,0,25.78036118,1/1/2026 4:52,1/1/2026 4:52
1528,27,8,0,1767264401,0,0.000388636,1/1/2026 16:47,1/1/2026 16:47
6373,27,7,0,1767267391,2,0,1/1/2026 17:36,1/1/2026 17:36
4278,27,9,0,1767187284,0,30.02084351,1/2/2026 7:57,1/2/2026 7:57
2263,27,8,0,1767322854,0,0.023154553,1/2/2026 9:01,1/2/2026 9:01
3645,35,0,0,0,0,54.10818481,1/1/2026 19:39,1/1/2026 19:39
7098,35,0,0,0,0,51.80410767,1/2/2026 6:23,1/2/2026 6:23
4178,89,25,0,1767271793,0,15.13559532,1/2/2026 2:49,1/2/2026 2:49
1298,42,0,0,0,0,24.22522163,1/1/2026 2:21,1/1/2026 2:21
4793,27,7,0,1767220026,0,0.696857572,1/1/2026 6:27,1/1/2026 6:27
590,27,8,0,1767328479,0,0.000447817,1/2/2026 10:35,1/2/2026 10:34
994,42,0,0,0,0,25.02960396,1/1/2026 8:10,1/1/2026 8:10
1824,27,7,0,1767165490,0,32.35749054,1/1/2026 2:32,1/1/2026 2:32
6456,89,25,0,1767254902,0,29.69066429,1/1/2026 18:11,1/1/2026 18:11
5455,39,0,0,0,0,54.15943909,1/2/2026 9:56,1/2/2026 9:56
2420,35,0,0,0,0,51.07931519,1/1/2026 3:32,1/1/2026 3:32
3012,27,9,0,1767284366,0,0.15450339,1/1/2026 22:23,1/1/2026 22:23
3469,89,25,0,1767276739,0,0.004796664,1/1/2026 20:12,1/1/2026 20:12
3865,27,8,0,1767181438,0,1211.266113,1/1/2026 13:07,1/1/2026 13:07
6041,27,9,0,1767167219,0,0.709772587,1/1/2026 3:17,1/1/2026 3:17
4487,42,0,0,0,0,25.48005867,1/2/2026 2:43,1/2/2026 2:43
6660,35,0,0,0,0,58.05258179,1/1/2026 1:16,1/1/2026 1:16
1388,42,0,0,0,0,26.94939613,1/1/2026 2:04,1/1/2026 2:04
4837,27,7,0,1767048361,0,0.733753204,1/1/2026 19:47,1/1/2026 19:47
1553,39,0,0,0,0,54.08007431,1/2/2026 0:49,1/2/2026 0:49
3158,27,7,0,1767282658,0,0.000589507,1/1/2026 21:51,1/1/2026 21:51
4604,39,0,0,0,0,53.81022644,1/2/2026 10:23,1/2/2026 10:23
1519,27,8,0,1767183739,0,45.03126526,1/1/2026 16:23,1/1/2026 16:23
6574,27,7,0,1766904808,0,0.837811768,1/1/2026 1:56,1/1/2026 1:56
5726,27,7,0,1767320026,0,0.966747701,1/2/2026 10:43,1/2/2026 10:43
6820,27,8,0,1767252135,0,0.000123608,1/1/2026 13:22,1/1/2026 13:22
150,27,7,0,1767258741,0,58.46699142,1/1/2026 16:42,1/1/2026 16:42
7523,40,0,0,1767263829,2,0,1/1/2026 16:37,1/1/2026 16:37
899,42,0,0,0,0,20.17113495,1/2/2026 4:07,1/2/2026 4:07
7547,26,0,0,1767270761,3,0,1/1/2026 18:32,1/1/2026 18:32
6856,35,0,0,0,0,28.10720825,1/1/2026 11:23,1/1/2026 11:23
2140,27,8,0,1767278541,0,0.002691679,1/1/2026 20:44,1/1/2026 20:44
948,27,7,0,1767226541,0,1488.421753,1/1/2026 9:08,1/1/2026 9:08
3907,27,9,0,1767298296,0,22.83311272,1/2/2026 2:14,1/2/2026 2:14
1438,35,0,0,0,0,45.79214478,1/1/2026 13:49,1/1/2026 13:49
7280,39,0,0,0,0,53.87372208,1/2/2026 0:15,1/2/2026 0:15
5145,39,0,0,0,0,52.25465012,1/1/2026 20:30,1/1/2026 20:30
4463,27,7,0,1767281050,0,0.00029831,1/1/2026 21:24,1/1/2026 21:24
4277,27,8,0,1767266749,0,23.569664,1/2/2026 8:40,1/2/2026 8:40
164,42,0,0,0,0,31.25016022,1/1/2026 13:59,1/1/2026 13:59
2013,27,7,0,1767242294,0,69.31208038,1/1/2026 11:13,1/1/2026 11:13
4380,27,7,0,1766469434,0,42.26284409,1/2/2026 10:33,1/2/2026 10:33
5384,36,0,0,1767263921,2,0,1/1/2026 16:49,1/1/2026 16:49
1419,27,8,0,1767205562,3,3047,1/1/2026 0:26,1/1/2026 0:26
6950,27,7,0,1767291860,3,0,1/2/2026 0:24,1/2/2026 0:24
4217,27,7,0,1767273220,0,0.100012764,1/1/2026 19:15,1/1/2026 19:15
5685,40,0,0,1767205426,3,0,1/1/2026 0:23,1/1/2026 0:23
1327,39,0,0,0,0,53.92134094,1/2/2026 9:28,1/2/2026 9:28
590,27,8,0,1767240963,0,0.013518726,1/1/2026 10:16,1/1/2026 10:16
6427,27,7,0,1767268865,0,0.007241165,1/1/2026 18:01,1/1/2026 18:01
7073,27,7,0,1767268987,0,1.088187814,1/2/2026 2:03,1/2/2026 2:03
7434,39,0,0,0,0,54.191185,1/2/2026 4:07,1/2/2026 4:07
1463,45,7,0,1767269091,2,0,1/1/2026 18:06,1/1/2026 18:06
2197,27,7,0,1767179532,0,1338.812622,1/1/2026 18:11,1/1/2026 18:11
1463,45,7,0,1767257154,2,0,1/1/2026 14:47,1/1/2026 14:47
3584,90,0,0,0,0,54.191185,1/1/2026 9:00,1/1/2026 9:00
3653,92,0,0,0,0,21.60829926,1/1/2026 6:35,1/1/2026 6:35
1547,35,0,0,0,0,74.02090454,1/2/2026 1:18,1/2/2026 1:18
6659,39,0,0,0,0,49.9053154,1/1/2026 6:23,1/1/2026 6:23
4828,42,0,0,0,0,25.00815392,1/1/2026 10:37,1/1/2026 10:37
586,35,0,0,0,0,50.56814575,1/2/2026 0:33,1/2/2026 0:32
909,27,7,0,1767268271,0,0.088233985,1/1/2026 17:52,1/1/2026 17:52
3864,42,0,0,0,0,24.21449661,1/2/2026 11:07,1/2/2026 11:07
6750,27,7,0,1767255810,2,0,1/1/2026 14:24,1/1/2026 14:24
135,35,0,0,0,0,43.35073853,1/1/2026 18:09,1/1/2026 18:09
582,42,0,0,0,0,24.04289627,1/2/2026 9:43,1/2/2026 9:43
4985,27,7,0,1766918823,0,2621.669189,1/1/2026 11:16,1/1/2026 11:16
5384,27,7,0,1767247959,0,5.49E-05,1/1/2026 12:12,1/1/2026 12:12
3640,90,0,0,0,0,54.61565399,1/1/2026 12:01,1/1/2026 12:01
3452,27,9,0,1767266550,0,0.008970109,1/1/2026 17:25,1/1/2026 17:25
6751,27,7,0,0,0,31.69713402,1/1/2026 13:31,1/1/2026 13:31
872,27,7,0,1767191152,0,1469.873413,1/1/2026 7:26,1/1/2026 7:26
3423,89,25,0,1767249198,0,0.878820837,1/2/2026 11:04,1/2/2026 11:03
831,35,0,0,0,0,42.79379272,1/2/2026 1:50,1/2/2026 1:50
4044,27,7,0,1767023273,0,0.831018627,1/1/2026 8:49,1/1/2026 8:49
4144,39,0,0,0,0,53.96895981,1/1/2026 8:55,1/1/2026 8:55
5052,27,7,0,1767209503,0,0.087137893,1/1/2026 1:33,1/1/2026 1:33
5475,27,7,0,1767173267,0,0.979393065,1/1/2026 12:28,1/1/2026 12:28
5427,27,7,0,1767262854,3,0,1/1/2026 16:20,1/1/2026 16:20
7432,35,0,0,0,0,71.15988159,1/2/2026 2:17,1/2/2026 2:17
5911,27,7,0,1767269077,2,0,1/1/2026 18:05,1/1/2026 18:05
4121,27,8,0,1767320487,0,23.30913162,1/2/2026 11:12,1/2/2026 11:12
2736,27,8,0,1767263585,0,0.026967591,1/1/2026 16:33,1/1/2026 16:33
4623,42,0,0,0,0,25.5444088,1/2/2026 4:32,1/2/2026 4:32
3297,45,9,0,1767275183,3,0,1/1/2026 19:46,1/1/2026 19:46
6842,27,9,0,1767236184,0,0.214062124,1/1/2026 9:26,1/1/2026 9:26
5746,27,7,0,1767252024,0,0.075157247,1/1/2026 13:21,1/1/2026 13:21
4154,27,9,0,1767262214,0,0.845836282,1/1/2026 22:40,1/1/2026 22:40
2123,27,9,0,1767006191,0,24.66179276,1/2/2026 0:04,1/2/2026 0:04
6961,27,7,0,1767284843,0,0.040842216,1/1/2026 22:28,1/1/2026 22:28
2699,89,25,0,1766828631,0,1310.908813,1/1/2026 16:12,1/1/2026 16:12
7290,27,9,0,1767211685,0,28.82712173,1/1/2026 6:35,1/1/2026 6:34
7212,39,0,0,0,0,54.28642273,1/1/2026 3:25,1/1/2026 3:25
6008,27,9,0,1767258502,0,1.162086487,1/1/2026 16:08,1/1/2026 16:08
335,35,0,0,0,0,53.80300903,1/1/2026 4:04,1/1/2026 4:04
73,35,0,0,0,0,40.25320435,1/1/2026 8:50,1/1/2026 8:50
419,39,0,0,0,0,53.92134094,1/1/2026 22:03,1/1/2026 22:03
3444,89,25,0,1767256125,0,0.003037636,1/1/2026 14:28,1/1/2026 14:28
6550,27,7,0,1767163649,0,43.4311676,1/1/2026 7:55,1/1/2026 7:55
4463,27,7,0,1767084083,0,39.621418,1/1/2026 17:41,1/1/2026 17:41
5465,27,8,0,1767159479,0,17.1184845,1/1/2026 6:36,1/1/2026 6:36
4422,27,7,0,1767321336,0,0.091394924,1/2/2026 8:37,1/2/2026 8:37
6208,27,7,0,1767262748,0,48.86641693,1/1/2026 18:56,1/1/2026 18:56
5450,27,7,0,1767242356,0,0.011434734,1/1/2026 10:39,1/1/2026 10:39
7210,27,7,0,1767278402,0,0.00034646,1/1/2026 20:40,1/1/2026 20:40
3714,91,0,0,0,0,55.57302856,1/1/2026 1:57,1/1/2026 1:57
2030,39,0,0,0,0,52.65148163,1/2/2026 7:40,1/2/2026 7:40
4866,42,0,0,0,0,22.80950928,1/2/2026 3:40,1/2/2026 3:40
7153,35,0,0,0,0,64.19424438,1/1/2026 3:16,1/1/2026 3:16
1545,27,7,0,1767234308,0,1.224524975,1/1/2026 8:55,1/1/2026 8:55
5213,27,7,0,1767333626,0,0.000966333,1/2/2026 12:01,1/2/2026 12:00
6487,42,0,0,0,0,28.32221031,1/1/2026 18:50,1/1/2026 18:50
801,27,7,0,1767322482,0,46.17419052,1/2/2026 9:48,1/2/2026 9:48
1548,27,8,0,1766922825,0,0.900522649,1/1/2026 18:26,1/1/2026 18:26
1532,27,7,0,1766997286,0,0.728267252,1/1/2026 17:45,1/1/2026 17:44
5258,45,0,0,1767251696,3,0,1/1/2026 13:14,1/1/2026 13:14
6496,45,0,0,1767251036,3,0,1/1/2026 13:03,1/1/2026 13:03
274,27,7,0,1767272387,0,0.001101921,1/1/2026 19:00,1/1/2026 19:00
1985,27,7,0,1767275468,0,0.541142762,1/2/2026 6:21,1/2/2026 6:21
7022,27,7,0,1767231374,0,1.066981554,1/1/2026 14:06,1/1/2026 14:06
578,45,8,0,1767243637,3,0,1/1/2026 11:00,1/1/2026 11:00
47,27,7,0,1767157597,0,75.83945465,1/1/2026 10:34,1/1/2026 10:34
53,42,0,0,0,0,23.22778893,1/1/2026 21:19,1/1/2026 21:19
4468,39,0,0,0,0,53.66736984,1/1/2026 5:46,1/1/2026 5:46
5642,42,0,0,0,0,25.81253624,1/2/2026 1:31,1/2/2026 1:31
1434,35,0,0,0,0,51.43789673,1/1/2026 10:39,1/1/2026 10:38
400,39,0,0,0,0,53.0641861,1/2/2026 4:47,1/2/2026 4:47
6548,27,7,0,1767282754,2,0,1/1/2026 21:53,1/1/2026 21:54
149,27,7,0,1767236078,0,0.01912001,1/1/2026 8:54,1/1/2026 8:54
2533,35,0,0,0,0,34.01998901,1/2/2026 5:51,1/2/2026 5:50
3715,89,25,0,1767245375,0,0.001163851,1/1/2026 11:30,1/1/2026 11:30
5272,27,7,0,1766983071,0,38.58008575,1/2/2026 10:15,1/2/2026 10:15
3219,91,0,0,0,0,43.03030396,1/1/2026 16:24,1/1/2026 16:24
182,39,0,0,0,0,54.33404541,1/2/2026 7:31,1/2/2026 7:31
2166,27,8,0,1767259961,0,0.825109303,1/2/2026 0:32,1/2/2026 0:32
2023,27,7,0,1767205358,0,0.629578233,1/1/2026 2:52,1/1/2026 2:52
5090,27,7,0,1767210414,0,4.24E-05,1/1/2026 1:47,1/1/2026 1:46
6542,39,0,0,0,0,54.12769318,1/1/2026 18:41,1/1/2026 18:41
6276,27,7,0,1766986578,0,1.09196651,1/1/2026 5:22,1/1/2026 5:22
4613,35,0,0,0,0,38.57473755,1/2/2026 8:19,1/2/2026 8:19
4357,42,0,0,0,0,29.16949272,1/1/2026 13:19,1/1/2026 13:19
1293,27,8,0,1767276513,0,0.013802115,1/1/2026 20:08,1/1/2026 20:08
2228,27,8,0,1767174596,0,1.04899919,1/1/2026 21:50,1/1/2026 21:50
7545,39,0,0,0,0,49.2069931,1/1/2026 9:04,1/1/2026 9:04
450,26,0,0,1767253621,2,0,1/1/2026 13:50,1/1/2026 13:49
453,39,0,0,0,0,53.23879242,1/1/2026 18:48,1/1/2026 18:48
4598,90,0,0,0,0,53.96895981,1/1/2026 5:42,1/1/2026 5:42
3087,89,25,0,1766234220,0,1.327054739,1/1/2026 14:15,1/1/2026 14:15
1784,35,0,0,0,0,52.39157104,1/1/2026 22:17,1/1/2026 22:17
6320,39,0,0,0,0,53.95308685,1/1/2026 14:46,1/1/2026 14:46
4397,27,7,0,1767127056,0,0.84539789,1/1/2026 16:08,1/1/2026 16:08
3969,27,7,0,1767264098,3,0,1/1/2026 16:41,1/1/2026 16:41
1511,39,0,0,0,0,53.6832428,1/1/2026 5:35,1/1/2026 5:35
1722,27,8,0,1767308345,0,0.785152614,1/2/2026 9:29,1/2/2026 9:29
1832,27,7,0,1767229910,0,25.77931976,1/1/2026 22:37,1/1/2026 22:37
3672,89,25,0,1767333243,0,0.234747976,1/2/2026 12:00,1/2/2026 12:00
5329,27,7,0,1767237498,3,0,1/1/2026 9:18,1/1/2026 9:18
7326,42,0,0,0,0,36.03355408,1/2/2026 5:59,1/2/2026 5:59
6656,39,0,0,0,0,52.57211685,1/1/2026 22:15,1/1/2026 22:15
5425,27,7,0,1767250077,0,0.016744666,1/1/2026 12:48,1/1/2026 12:48
5782,27,8,0,1767260822,0,0.005207139,1/1/2026 15:47,1/1/2026 15:47
6553,27,7,0,1766921755,0,2.118159056,1/2/2026 8:09,1/2/2026 8:09
2910,91,0,0,0,0,43.62539673,1/1/2026 21:32,1/1/2026 21:32
7417,27,9,0,1767277747,2,0,1/1/2026 20:29,1/1/2026 20:29
3527,89,26,0,1767322466,0,0.031480167,1/2/2026 8:55,1/2/2026 8:55
7355,27,8,0,1767088141,0,0.530784726,1/1/2026 7:20,1/1/2026 7:20
1051,35,0,0,0,0,56.25204468,1/1/2026 10:41,1/1/2026 10:41
2576,27,9,0,1767265917,0,0.000601925,1/1/2026 17:12,1/1/2026 17:12
822,27,8,0,1767272786,0,0.003531149,1/1/2026 19:08,1/1/2026 19:08
1054,39,0,0,0,0,53.92134094,1/1/2026 15:12,1/1/2026 15:12
4349,39,0,0,0,0,53.88959503,1/1/2026 13:15,1/1/2026 13:15
3728,104,0,0,1767281036,2,0,1/1/2026 21:24,1/1/2026 21:23
821,35,0,0,0,0,51.64389038,1/1/2026 0:37,1/1/2026 0:36
3744,89,25,0,1767238996,2,5,1/1/2026 9:44,1/1/2026 9:43
3633,89,25,0,1767184989,0,0.703017354,1/1/2026 11:13,1/1/2026 11:13
5692,45,0,0,1767268276,3,0,1/1/2026 17:51,1/1/2026 17:51
581,27,8,0,1766654215,0,0.710913181,1/2/2026 2:48,1/2/2026 2:48
1150,27,9,0,1767271615,0,0.843687892,1/1/2026 21:17,1/1/2026 21:16
275,27,7,0,1767274845,0,0.047909096,1/1/2026 19:48,1/1/2026 19:48
211,39,0,0,0,0,54.49277496,1/2/2026 7:28,1/2/2026 7:28
4286,35,0,0,0,0,52.47549438,1/2/2026 0:05,1/2/2026 0:05
2265,42,0,0,0,0,26.06993866,1/1/2026 2:42,1/1/2026 2:42
3170,89,25,0,1767177157,0,1.392006993,1/1/2026 2:02,1/1/2026 2:02
1484,27,8,0,1767254763,0,7.95E-05,1/1/2026 14:06,1/1/2026 14:06
3878,89,25,0,1767282844,0,0.0025579,1/1/2026 21:55,1/1/2026 21:55
4388,27,7,0,1767048137,0,1978.384399,1/1/2026 17:37,1/1/2026 17:36
3664,89,25,0,1767273469,0,35.73546982,1/1/2026 19:55,1/1/2026 19:55
6072,35,0,0,0,0,62.16482544,1/2/2026 10:51,1/2/2026 10:51
2810,27,8,0,1767212959,0,1.775150061,1/1/2026 21:59,1/1/2026 21:59
4975,27,8,0,1767158941,0,1304.377319,1/2/2026 4:00,1/2/2026 4:00
6161,35,0,0,0,0,43.54910278,1/1/2026 21:05,1/1/2026 21:05
4028,26,0,0,1767232911,2,0,1/1/2026 8:08,1/1/2026 8:08
1840,27,9,0,1767273024,0,0.015428219,1/1/2026 19:10,1/1/2026 19:10
2299,27,7,0,1767246984,0,70.42961121,1/1/2026 17:56,1/1/2026 17:56
5354,42,0,0,0,0,34.44623947,1/1/2026 3:58,1/1/2026 3:58
885,27,7,0,1766879462,0,49.04420471,1/1/2026 0:03,1/1/2026 0:03
2576,27,9,0,1767277720,0,0.112065077,1/1/2026 21:01,1/1/2026 21:01
482,27,8,0,1767171182,0,14.22307301,1/2/2026 2:29,1/2/2026 2:29
7134,27,9,0,1767271720,0,1.203724861,1/2/2026 0:48,1/2/2026 0:48
798,42,0,0,0,0,15.73094463,1/2/2026 7:24,1/2/2026 7:24
3644,27,9,0,1767275056,0,0.509115994,1/1/2026 19:58,1/1/2026 19:58
6434,35,0,0,0,0,52.27713013,1/2/2026 9:45,1/2/2026 9:45
5163,27,7,0,1766996708,0,32.30669403,1/1/2026 15:44,1/1/2026 15:44
6237,39,0,0,0,0,53.90546799,1/1/2026 7:42,1/1/2026 7:42
3453,39,0,0,0,0,53.92134094,1/1/2026 22:31,1/1/2026 22:31
5623,39,0,0,0,0,52.42925644,1/2/2026 6:23,1/2/2026 6:23
3286,42,0,0,0,0,27.70015335,1/1/2026 21:36,1/1/2026 21:36
4042,39,0,0,0,0,53.92134094,1/1/2026 5:33,1/1/2026 5:33
2253,27,8,0,1767268736,0,33.42422104,1/1/2026 21:17,1/1/2026 21:17
7217,27,9,0,1767249584,3,0,1/1/2026 12:39,1/1/2026 12:39
4314,27,7,0,1767079498,0,53.13333893,1/1/2026 13:17,1/1/2026 13:17
1166,175,0,0,1767264133,3,1,1/1/2026 16:42,1/1/2026 16:42
3860,27,8,0,1767283794,2,1825,1/1/2026 22:10,1/1/2026 22:10
7401,27,9,0,1767164027,0,36.49742126,1/1/2026 14:17,1/1/2026 14:16
2678,27,8,0,1767280924,3,2038,1/1/2026 21:22,1/1/2026 21:21
3743,89,25,0,1767167571,0,1.689265966,1/1/2026 4:23,1/1/2026 4:23
6365,27,7,0,1767232342,0,1.942083955,1/1/2026 16:52,1/1/2026 16:52
3101,35,0,0,0,0,42.46572876,1/1/2026 18:12,1/1/2026 18:12
431,42,0,0,0,0,30.60665512,1/1/2026 10:45,1/1/2026 10:45
4876,27,7,0,1767260685,0,0.014029693,1/1/2026 15:49,1/1/2026 15:48
553,27,8,0,1767253306,0,0.054903954,1/1/2026 13:43,1/1/2026 13:43
4706,27,7,0,1767272066,2,0,1/1/2026 18:57,1/1/2026 18:56
1284,38,0,0,1767263291,3,0,1/1/2026 16:28,1/1/2026 16:28
3061,30,7,0,1767293564,2,0,1/2/2026 0:54,1/2/2026 0:54
5211,43,0,0,1767227974,2,0,1/1/2026 6:39,1/1/2026 6:39
4185,27,7,0,1767261089,0,0.015347757,1/1/2026 15:51,1/1/2026 15:51
3955,89,25,0,1767241762,0,0.00634638,1/1/2026 12:59,1/1/2026 12:59
562,27,9,0,1767268557,0,0.000628224,1/1/2026 17:56,1/1/2026 17:56
567,27,8,0,1767100984,0,0.494743526,1/1/2026 4:54,1/1/2026 4:54
1509,27,8,0,1767251035,3,2622,1/1/2026 13:03,1/1/2026 13:03
5377,39,0,0,0,0,54.00070572,1/1/2026 9:24,1/1/2026 9:24
3883,89,25,0,1766819341,0,2.796853304,1/1/2026 18:12,1/1/2026 18:12
3982,27,8,0,1767254465,0,0.200266793,1/1/2026 14:05,1/1/2026 14:04
6880,39,0,0,0,0,53.1753006,1/1/2026 17:21,1/1/2026 17:21
910,35,0,0,0,0,57.24386597,1/2/2026 6:54,1/2/2026 6:54
1117,27,7,0,1767274805,0,0.053339329,1/1/2026 19:41,1/1/2026 19:41
373,46,7,0,1767241607,2,0,1/1/2026 10:27,1/1/2026 10:27
6839,27,8,0,1767242300,2,0,1/1/2026 10:38,1/1/2026 10:38
4761,35,0,0,0,0,56.43515015,1/1/2026 0:51,1/1/2026 0:51
2852,89,25,0,1767267134,0,1.116287231,1/2/2026 12:02,1/2/2026 12:02
5603,35,0,0,0,0,56.43515015,1/1/2026 8:24,1/1/2026 8:24
2778,35,0,0,0,0,55.34414673,1/2/2026 4:54,1/2/2026 4:54
1224,45,8,0,1767265253,3,0,1/1/2026 17:00,1/1/2026 17:00
4179,27,7,0,1767206772,0,0.341634005,1/1/2026 0:51,1/1/2026 0:51
358,27,7,0,1767093739,0,40.02779007,1/2/2026 7:43,1/2/2026 7:43
6911,27,7,0,1767261660,0,70.75978851,1/1/2026 20:54,1/1/2026 20:54
2489,27,8,0,1767270790,0,0,1/1/2026 18:33,1/1/2026 18:33
6531,42,0,0,0,0,24.08579636,1/2/2026 4:21,1/2/2026 4:21
7537,27,9,0,1767276539,2,0,1/1/2026 20:09,1/1/2026 20:09
6783,42,0,0,0,0,31.20726013,1/1/2026 16:14,1/1/2026 16:14
7380,39,0,0,0,0,53.81022644,1/2/2026 3:16,1/2/2026 3:16
7094,35,0,0,0,0,47.24935913,1/1/2026 5:47,1/1/2026 5:47
3841,90,0,0,0,0,53.44514465,1/2/2026 1:11,1/2/2026 1:11
460,27,8,0,1767270534,0,997.1665649,1/1/2026 18:31,1/1/2026 18:30
2179,42,0,0,0,0,27.44275093,1/1/2026 12:47,1/1/2026 12:47
5924,27,7,0,1767284442,0,0.076570183,1/1/2026 22:22,1/1/2026 22:22
3007,90,0,0,0,0,53.3181572,1/1/2026 19:49,1/1/2026 19:49
4182,39,0,0,0,0,49.17524719,1/1/2026 8:33,1/1/2026 8:33
2305,35,0,0,0,0,41.24502563,1/1/2026 19:02,1/1/2026 19:02
7498,27,9,0,1767236478,0,25.37294579,1/1/2026 11:05,1/1/2026 11:04
2122,42,0,0,0,0,29.12659264,1/2/2026 11:56,1/2/2026 11:56
7335,35,0,0,0,0,65.10977173,1/1/2026 1:27,1/1/2026 1:27
6542,45,0,0,1767269675,2,0,1/1/2026 18:15,1/1/2026 18:15
823,27,8,0,1766834488,0,39.57062149,1/1/2026 0:06,1/1/2026 0:06
3435,39,0,0,0,0,53.85784912,1/1/2026 16:48,1/1/2026 16:49
163,27,7,0,1767170310,0,1.123905063,1/1/2026 18:09,1/1/2026 18:09
2171,27,8,0,1767244380,0,0.908963025,1/1/2026 20:43,1/1/2026 20:43
2375,39,0,0,0,0,53.5721283,1/1/2026 16:00,1/1/2026 16:00
3791,35,0,0,0,0,36.01889038,1/1/2026 10:11,1/1/2026 10:11
2665,42,0,0,0,0,22.68080902,1/1/2026 3:27,1/1/2026 3:27
131,39,0,0,0,0,54.09594727,1/1/2026 3:47,1/1/2026 3:47
801,27,7,0,1767274547,0,0.004652136,1/1/2026 19:35,1/1/2026 19:35
5983,27,7,0,1767238400,0,32.86545944,1/1/2026 10:43,1/1/2026 10:43
1608,27,7,0,1767251010,0,1756.172607,1/1/2026 15:22,1/1/2026 15:22
3066,35,0,0,0,0,66.55172729,1/1/2026 19:43,1/1/2026 19:43
3883,92,0,0,0,0,25.1475811,1/1/2026 8:31,1/1/2026 8:31
3493,89,25,0,1766987586,0,0.540690839,1/2/2026 4:55,1/2/2026 4:55
6100,35,0,0,0,0,29.03799438,1/1/2026 17:08,1/1/2026 17:08
2261,27,8,0,1766892719,0,34.36396027,1/1/2026 15:53,1/1/2026 15:53
5796,27,7,0,1767163514,0,1.592399478,1/2/2026 9:46,1/2/2026 9:46
7126,27,7,0,1766998936,0,1.182362437,1/2/2026 9:35,1/2/2026 9:34
3017,42,0,0,0,0,26.00558853,1/1/2026 19:05,1/1/2026 19:05
5276,27,9,0,1766842476,0,0.658700109,1/1/2026 4:37,1/1/2026 4:37
2825,92,0,0,0,0,32.91255188,1/1/2026 0:23,1/1/2026 0:23
4560,35,0,0,0,0,57.91525269,1/2/2026 6:03,1/2/2026 6:03
6069,35,0,0,0,0,38.85702515,1/1/2026 8:00,1/1/2026 8:00
26,35,0,0,0,0,23.52957153,1/1/2026 13:45,1/1/2026 13:45
2406,27,8,0,1767258183,2,1710,1/1/2026 15:03,1/1/2026 15:03
1313,42,0,0,0,0,23.92491913,1/1/2026 17:02,1/1/2026 17:02
2725,89,25,0,1767234549,0,0.000830384,1/1/2026 8:29,1/1/2026 8:29
5276,27,9,0,1767329220,0,0.016219961,1/2/2026 10:47,1/2/2026 10:47
4347,27,7,0,1767256045,3,0,1/1/2026 14:27,1/1/2026 14:27
4018,39,0,0,0,0,54.17531204,1/2/2026 7:00,1/2/2026 7:00
711,27,8,0,1767281087,0,0.001950183,1/1/2026 21:25,1/1/2026 21:25
4222,42,0,0,0,0,27.02447319,1/2/2026 2:49,1/2/2026 2:49
4746,27,7,0,1767277796,3,0,1/1/2026 20:29,1/1/2026 20:29
4925,27,7,0,1766830757,0,65.07055664,1/2/2026 7:00,1/2/2026 7:00
3788,27,9,0,1764320987,0,1.666463375,1/2/2026 11:05,1/2/2026 11:05
3266,27,8,0,1767192996,0,0.724767387,1/2/2026 10:57,1/2/2026 10:57
2284,27,8,0,1767277947,0,0.002840032,1/1/2026 20:35,1/1/2026 20:35
2938,92,0,0,0,0,20.99696732,1/2/2026 6:59,1/2/2026 6:59
897,27,8,0,1767251041,0,1332.712891,1/1/2026 17:23,1/1/2026 17:23
6426,27,7,0,1767164211,0,28.82712173,1/1/2026 5:55,1/1/2026 5:55
6482,39,0,0,0,0,53.8260994,1/2/2026 0:59,1/2/2026 0:59
6112,27,7,0,1767080604,0,1663.850342,1/1/2026 12:19,1/1/2026 12:19
3081,35,0,0,0,0,45.83792114,1/2/2026 10:06,1/2/2026 10:05
1873,27,7,0,1767171015,0,25.72852325,1/1/2026 2:16,1/1/2026 2:16
6960,35,0,0,0,0,59.09780884,1/1/2026 21:46,1/1/2026 21:46
5842,27,7,0,1767236825,0,49.17119598,1/1/2026 11:04,1/1/2026 11:04
6278,27,7,0,1767248829,0,1.546701193,1/1/2026 18:27,1/1/2026 18:27
5812,39,0,0,0,0,53.74673462,1/1/2026 18:48,1/1/2026 18:48
6978,27,8,0,1767207443,0,0.000606633,1/1/2026 0:57,1/1/2026 0:57
5429,27,7,0,1766632266,0,38.50389099,1/2/2026 9:49,1/2/2026 9:49
4868,27,7,0,1767236037,2,0,1/1/2026 8:54,1/1/2026 8:54
541,27,9,0,1766836624,0,24.20462227,1/1/2026 0:42,1/1/2026 0:41
5643,27,7,0,1767315170,0,0.111591727,1/2/2026 6:54,1/2/2026 6:54
3451,27,9,0,1767182067,0,21.48699951,1/2/2026 6:29,1/2/2026 6:29
4257,27,7,0,1767259931,0,0.040775102,1/1/2026 15:32,1/1/2026 15:32
1551,42,0,0,0,0,26.72417068,1/1/2026 17:19,1/1/2026 17:19
4305,27,7,0,1767277632,0,0.000381697,1/1/2026 20:27,1/1/2026 20:27
6275,27,7,0,1767242074,3,0,1/1/2026 10:34,1/1/2026 10:34
5599,39,0,0,0,0,54.04832458,1/1/2026 17:24,1/1/2026 17:24
1433,27,8,0,1767074948,0,1701.936279,1/1/2026 19:47,1/1/2026 19:47
4840,27,7,0,1767176310,0,2242.601563,1/1/2026 8:56,1/1/2026 8:56
2432,27,7,0,1767180724,0,1.163514376,1/1/2026 20:12,1/1/2026 20:12
890,27,7,0,1767271518,0,0.000670533,1/1/2026 18:45,1/1/2026 18:45
7224,27,7,0,1767242377,0,41.93266678,1/1/2026 10:43,1/1/2026 10:43
4195,40,0,0,1767274773,2,0,1/1/2026 19:39,1/1/2026 19:39
2157,27,9,0,1767164090,0,15.7977705,1/2/2026 2:57,1/2/2026 2:57
2464,27,9,0,1767260600,0,0.018041991,1/1/2026 15:43,1/1/2026 15:43
2665,27,8,0,1767278242,2,0,1/1/2026 20:38,1/1/2026 20:38
6899,42,0,0,0,0,24.49334908,1/1/2026 3:04,1/1/2026 3:04
3239,95,25,0,1767242968,2,0,1/1/2026 10:51,1/1/2026 10:51
5029,27,8,0,1767211651,0,2.28E-05,1/1/2026 2:07,1/1/2026 2:07
237,35,0,0,0,0,39.6199646,1/2/2026 11:08,1/2/2026 11:08
1921,42,0,0,0,0,25.10468102,1/1/2026 11:37,1/1/2026 11:37
1283,26,0,0,1767246064,2,0,1/1/2026 11:41,1/1/2026 11:41
1220,27,8,0,1767268137,0,1.993702531,1/1/2026 18:18,1/1/2026 18:18
4022,27,8,0,1767285995,0,0.004811872,1/1/2026 22:46,1/1/2026 22:46
1754,27,8,0,1760179458,0,42.92320251,1/2/2026 10:20,1/2/2026 10:20
2442,27,8,0,1767273680,0,0.020507975,1/1/2026 19:21,1/1/2026 19:21
7552,42,0,0,0,0,24.55770111,1/1/2026 4:42,1/1/2026 4:42
4606,35,0,0,0,0,38.54421997,1/2/2026 4:34,1/2/2026 4:34
5017,27,7,0,1767332829,0,0.001489237,1/2/2026 11:48,1/2/2026 11:48
538,35,0,0,0,0,50.47659302,1/2/2026 2:01,1/2/2026 2:01
1842,119,0,0,0,0,53.96895981,1/1/2026 3:41,1/1/2026 3:41
3131,90,0,0,0,0,54.34991837,1/2/2026 7:53,1/2/2026 7:53
4106,27,9,0,1767271273,0,0.002598078,1/1/2026 18:43,1/1/2026 18:43
1914,27,8,0,1767077235,0,27.836586,1/2/2026 0:22,1/2/2026 0:22
1285,27,7,0,1767280399,0,0.142136142,1/1/2026 21:16,1/1/2026 21:16
817,27,8,0,1766827669,0,25.34754753,1/1/2026 19:25,1/1/2026 19:25
1350,27,8,0,1767271321,0,0.000282576,1/1/2026 18:42,1/1/2026 18:42
5555,27,7,0,1767250048,0,1421.554321,1/1/2026 16:09,1/1/2026 16:09
6944,27,7,0,1767205329,0,1321.86853,1/1/2026 8:58,1/1/2026 8:58
1709,27,9,0,1767272594,0,1.439442277,1/1/2026 20:03,1/1/2026 20:03
6461,35,0,0,0,0,53.33761597,1/1/2026 0:12,1/1/2026 0:12
6079,27,7,0,1767268044,2,0,1/1/2026 17:47,1/1/2026 17:47
3988,27,7,0,1767077229,0,43.38037109,1/2/2026 2:00,1/2/2026 2:00
1925,35,0,0,0,0,50.36978149,1/2/2026 7:54,1/2/2026 7:54
1253,27,7,0,1767229513,0,67.71199036,1/1/2026 20:04,1/1/2026 20:04
7020,39,0,0,0,0,53.33403015,1/2/2026 10:25,1/2/2026 10:25
3783,35,0,0,0,0,57.25149536,1/1/2026 8:19,1/1/2026 8:19
4195,40,0,0,1767247284,2,0,1/1/2026 12:01,1/1/2026 12:01
4769,27,7,0,1767204596,2,0,1/1/2026 0:10,1/1/2026 0:10
1216,27,8,0,1767327278,0,0.003541726,1/2/2026 10:14,1/2/2026 10:14
2366,27,9,0,1767280611,0,0.039370164,1/1/2026 21:28,1/1/2026 21:28
5739,27,7,0,1767255800,0,48.81562042,1/1/2026 20:04,1/1/2026 20:04
4104,39,0,0,0,0,53.95308685,1/1/2026 5:25,1/1/2026 5:25
3978,27,7,0,1767087538,0,0.733722448,1/1/2026 10:44,1/1/2026 10:44
6192,27,7,0,1767271755,0,0.907466352,1/2/2026 2:49,1/2/2026 2:49
2396,27,8,0,1767329257,0,0.010764644,1/2/2026 10:47,1/2/2026 10:47
1361,27,9,0,1767245808,3,0,1/1/2026 11:36,1/1/2026 11:36
3436,89,25,0,1767273641,0,0.282255054,1/1/2026 19:28,1/1/2026 19:28
3669,27,9,0,1767329200,0,0.000682559,1/2/2026 10:47,1/2/2026 10:47
7488,27,9,0,1767272985,0,0.540301859,1/1/2026 20:09,1/1/2026 20:09
6659,35,0,0,0,0,66.94845581,1/2/2026 10:56,1/2/2026 10:55
3387,91,0,0,0,0,32.99002075,1/1/2026 15:57,1/1/2026 15:57
7183,27,9,0,1767277919,2,0,1/1/2026 20:34,1/1/2026 20:33
293,35,0,0,0,0,64.71304321,1/1/2026 2:41,1/1/2026 2:41
702,26,0,0,1767241535,3,0,1/1/2026 10:25,1/1/2026 10:25
1628,27,8,0,1767197338,0,1176.436523,1/1/2026 5:03,1/1/2026 5:03
986,39,0,0,0,0,54.06419754,1/1/2026 19:19,1/1/2026 19:19
6707,42,0,0,0,0,23.92491913,1/1/2026 0:19,1/1/2026 0:19
613,39,0,0,0,0,53.98483276,1/1/2026 8:20,1/1/2026 8:20
1281,27,7,0,1767268495,0,29.53827477,1/1/2026 22:44,1/1/2026 22:44
5950,42,0,0,0,0,23.2170639,1/2/2026 6:38,1/2/2026 6:38
1211,27,8,0,1767155339,0,16.58511925,1/1/2026 5:56,1/1/2026 5:56
2529,39,0,0,0,0,53.87372208,1/1/2026 20:34,1/1/2026 20:34
6292,39,0,0,0,0,53.79435349,1/1/2026 13:34,1/1/2026 13:33
1727,42,0,0,0,0,24.04289627,1/2/2026 3:18,1/2/2026 3:18
5824,27,7,0,1767241948,3,0,1/1/2026 10:32,1/1/2026 10:32
3473,91,0,0,0,0,51.25479126,1/1/2026 3:40,1/1/2026 3:40
5898,39,0,0,0,0,53.76260757,1/1/2026 14:52,1/1/2026 14:52
390,27,7,0,1767172333,0,1221.605469,1/1/2026 6:07,1/1/2026 6:07
2806,90,0,0,0,0,54.23880386,1/2/2026 8:50,1/2/2026 8:50
4189,27,7,0,1767312106,0,0.887069643,1/2/2026 8:01,1/2/2026 8:01
1798,27,8,0,1767326888,0,0.007266797,1/2/2026 10:08,1/2/2026 10:08
1165,39,0,0,0,0,53.41339874,1/1/2026 3:52,1/1/2026 3:52
875,27,7,0,1767262270,0,1.408010602,1/2/2026 0:11,1/2/2026 0:11
5126,27,7,0,1767301552,0,37.08158493,1/2/2026 3:21,1/2/2026 3:21
3530,42,0,0,0,0,29.96315002,1/1/2026 12:40,1/1/2026 12:40
6798,27,8,0,1767285288,0,0.000425941,1/1/2026 22:35,1/1/2026 22:35
7324,27,9,0,1767275962,0,66.34047699,1/2/2026 8:56,1/2/2026 8:56
3826,103,0,0,1767250629,3,0,1/1/2026 12:57,1/1/2026 12:57
2557,27,7,0,1767220281,0,1350.3396,1/1/2026 21:50,1/1/2026 21:50
3,27,7,0,1767083872,0,0.879605234,1/2/2026 4:33,1/2/2026 4:33
2031,27,7,0,1767235672,0,27.53180504,1/1/2026 11:01,1/1/2026 11:01
4985,27,7,0,1766918823,0,46.98693848,1/1/2026 21:47,1/1/2026 21:46
592,27,8,0,1767159804,0,1.247898579,1/2/2026 5:44,1/2/2026 5:44
4365,45,0,0,1767206394,3,0,1/1/2026 0:39,1/1/2026 0:39
5451,39,0,0,0,0,48.12761307,1/1/2026 21:33,1/1/2026 21:33
1333,39,0,0,0,0,54.74674988,1/1/2026 16:20,1/1/2026 16:20
3572,89,26,0,1767264533,0,34.26236725,1/1/2026 18:38,1/1/2026 18:38
2980,27,8,0,1767251255,0,0.000602326,1/1/2026 13:07,1/1/2026 13:07
4155,27,9,0,1767296216,0,0.000575532,1/2/2026 1:37,1/2/2026 1:37
1734,39,0,0,0,0,54.11182022,1/1/2026 19:04,1/1/2026 19:04
5324,27,7,0,1767257286,0,1.54288435,1/2/2026 1:48,1/2/2026 1:48
5706,35,0,0,0,0,38.88754272,1/1/2026 22:47,1/1/2026 22:47
3781,42,0,0,0,0,26.97084808,1/1/2026 17:53,1/1/2026 17:53
534,42,0,0,0,0,30.93913269,1/1/2026 10:42,1/1/2026 10:42
5629,27,9,0,1767246587,0,42.13585281,1/2/2026 9:09,1/2/2026 9:09
6379,27,7,0,1767236611,2,0,1/1/2026 9:04,1/1/2026 9:04
2859,91,0,0,0,0,50.34689331,1/1/2026 1:53,1/1/2026 1:53
7123,27,7,0,1767260732,0,0.99570483,1/1/2026 17:45,1/1/2026 17:45
2343,42,0,0,0,0,29.97387505,1/1/2026 0:01,1/1/2026 0:04
3760,27,9,0,1767263792,0,0.009374296,1/1/2026 16:36,1/1/2026 16:36
567,27,8,0,1767256434,0,35.43069077,1/1/2026 19:02,1/1/2026 19:02
579,27,8,0,1767255495,0,0.003585653,1/1/2026 14:20,1/1/2026 14:20
4218,35,0,0,0,0,63.28634644,1/1/2026 18:21,1/1/2026 18:21
4152,42,0,0,0,0,23.860569,1/2/2026 9:42,1/2/2026 9:41
136,27,7,0,1767247921,0,2323.181885,1/1/2026 12:12,1/1/2026 12:12
2612,120,0,0,0,0,62.51577759,1/1/2026 22:15,1/1/2026 22:15
878,27,7,0,1767261617,0,0.136706069,1/1/2026 16:02,1/1/2026 16:02
5385,27,7,0,1767252132,2,0,1/1/2026 13:22,1/1/2026 13:22
3006,39,0,0,0,0,53.81022644,1/1/2026 14:04,1/1/2026 14:04
5784,39,0,0,0,0,53.69911575,1/2/2026 7:11,1/2/2026 7:11
6045,27,7,0,1767243557,0,0.713469923,1/2/2026 10:30,1/2/2026 10:29
6672,27,8,0,1767237952,2,0,1/1/2026 9:26,1/1/2026 9:26
5236,27,7,0,1767326646,0,0.143460006,1/2/2026 10:06,1/2/2026 10:06
6583,42,0,0,0,0,22.10165215,1/2/2026 3:39,1/2/2026 3:39
1288,27,8,0,1767256306,0,74.46794891,1/1/2026 14:38,1/1/2026 14:38
3535,91,0,0,0,0,50.7817688,1/2/2026 5:09,1/2/2026 5:09
7150,27,7,0,1766386216,0,31.69713402,1/1/2026 11:59,1/1/2026 11:59
3718,90,0,0,0,0,54.34991837,1/2/2026 2:15,1/2/2026 2:15
5873,27,7,0,1767318252,0,0.685135424,1/2/2026 9:14,1/2/2026 9:14
5556,35,0,0,0,0,58.85366821,1/1/2026 15:46,1/1/2026 15:45
3383,90,0,0,0,0,54.191185,1/2/2026 4:34,1/2/2026 4:34
3229,89,25,0,1767223289,0,0.628769219,1/1/2026 16:21,1/1/2026 16:21
3612,35,0,0,0,0,61.74520874,1/1/2026 11:26,1/1/2026 11:26
2015,27,7,0,1767290863,0,0.034881562,1/2/2026 0:08,1/2/2026 0:08
3304,92,0,0,0,0,30.09185028,1/1/2026 18:25,1/1/2026 18:25
6388,39,0,0,0,0,53.69911575,1/1/2026 20:17,1/1/2026 20:17
2429,35,0,0,0,0,47.82156372,1/1/2026 0:13,1/1/2026 0:13
3077,27,9,0,1767276306,0,0.043063231,1/1/2026 20:05,1/1/2026 20:05
2931,92,0,0,0,0,24.13942146,1/2/2026 4:44,1/2/2026 4:44
1681,27,8,0,1767261754,0,0.016274609,1/1/2026 16:09,1/1/2026 16:09
3951,89,25,0,1766836825,0,943.0568848,1/1/2026 16:53,1/1/2026 16:53
1557,39,0,0,0,0,53.90546799,1/1/2026 17:29,1/1/2026 17:29
6075,27,7,0,1767266476,3,0,1/1/2026 17:21,1/1/2026 17:21
5790,27,9,0,1767247541,3,0,1/1/2026 12:05,1/1/2026 12:05
5447,40,0,0,1767279771,2,0,1/1/2026 21:02,1/1/2026 21:02
6703,27,7,0,1767263911,2,0,1/1/2026 16:40,1/1/2026 16:40
1102,27,7,0,1767272897,0,0.158788219,1/1/2026 19:11,1/1/2026 19:11
1050,42,0,0,0,0,25.051054,1/1/2026 2:24,1/1/2026 2:24
7069,42,0,0,0,0,26.14501381,1/2/2026 9:20,1/2/2026 9:20
3268,89,25,0,1767332005,0,0.05080482,1/2/2026 11:34,1/2/2026 11:34
627,27,8,0,1767262977,0,0.596522033,1/2/2026 3:23,1/2/2026 3:23
5450,27,7,0,1767282364,0,1.081328988,1/1/2026 22:05,1/1/2026 22:05
5399,27,7,0,1767263070,0,0.844808757,1/1/2026 17:54,1/1/2026 17:54
7090,27,7,0,1767255479,0,0.002850829,1/1/2026 14:18,1/1/2026 14:18
432,27,8,0,1767189860,0,26.61746597,1/1/2026 0:57,1/1/2026 0:57
2477,27,8,0,1766730413,0,757.503418,1/1/2026 5:23,1/1/2026 5:23
7520,42,0,0,0,0,25.75891113,1/1/2026 16:33,1/1/2026 16:33
593,27,7,0,1766861773,0,0.698635817,1/1/2026 2:59,1/1/2026 2:59
286,27,7,0,1767270302,2,3364,1/1/2026 18:25,1/1/2026 18:25
1537,27,8,0,1767266767,2,1974,1/1/2026 17:26,1/1/2026 17:26
7290,27,9,0,1767249847,2,0,1/1/2026 12:44,1/1/2026 12:44
800,27,7,0,1767273724,0,1.409544945,1/1/2026 19:47,1/1/2026 19:47
6817,42,0,0,0,0,22.5735569,1/1/2026 2:01,1/1/2026 2:00
4545,39,0,0,0,0,53.95308685,1/1/2026 13:22,1/1/2026 13:22
2983,27,9,0,1767279200,0,0.123363793,1/1/2026 20:56,1/1/2026 20:56
7546,27,8,0,1767251332,0,19.08287239,1/2/2026 8:14,1/2/2026 8:14
6020,35,0,0,0,0,69.53482056,1/1/2026 3:17,1/1/2026 3:16
6974,45,0,0,1767272057,3,0,1/1/2026 18:54,1/1/2026 18:54
1215,27,8,0,1767260851,0,1.053557515,1/2/2026 8:48,1/2/2026 8:48
377,39,0,0,0,0,54.11182022,1/2/2026 7:26,1/2/2026 7:26
983,39,0,0,0,0,53.95308685,1/2/2026 2:11,1/2/2026 2:11
720,42,0,0,0,0,23.03473663,1/2/2026 0:32,1/2/2026 0:32
7217,27,9,0,1767239916,0,0.015676735,1/1/2026 10:03,1/1/2026 10:03
5266,27,7,0,1767180471,0,0.989341736,1/1/2026 7:58,1/1/2026 7:58
3608,27,7,0,1767173220,0,44.06612778,1/1/2026 21:45,1/1/2026 21:45
1698,35,0,0,0,0,58.15176392,1/2/2026 8:40,1/2/2026 8:40
4739,27,7,0,1767330489,0,0.130050883,1/2/2026 11:10,1/2/2026 11:10
5392,27,7,0,1767293661,0,0.000753665,1/2/2026 0:54,1/2/2026 0:54
5297,27,7,0,1767148635,0,0.834989607,1/1/2026 0:07,1/1/2026 0:07
5844,42,0,0,0,0,24.6542263,1/1/2026 21:58,1/1/2026 21:58
5772,39,0,0,0,0,53.84197617,1/2/2026 10:26,1/2/2026 10:25
3167,89,25,0,1767089137,0,13.74050426,1/1/2026 11:44,1/1/2026 11:44
5979,27,7,0,1767319561,0,0.028061228,1/2/2026 8:06,1/2/2026 8:06
1231,27,7,0,1767175095,0,41.93266678,1/1/2026 21:56,1/1/2026 21:56
6791,45,0,0,1767255909,3,0,1/1/2026 14:25,1/1/2026 14:25
2597,39,0,0,0,0,53.74673462,1/1/2026 1:16,1/1/2026 1:16
6143,27,8,0,1767277068,0,1963.811157,1/2/2026 9:47,1/2/2026 9:47
3802,89,25,0,1767084976,0,0.631827533,1/1/2026 6:57,1/1/2026 6:57
4337,27,7,0,1767247230,0,37.71654129,1/1/2026 14:23,1/1/2026 14:23
1904,119,0,0,0,0,54.84198761,1/1/2026 16:31,1/1/2026 16:31
2662,42,0,0,0,0,26.57401848,1/2/2026 1:15,1/2/2026 1:15
2141,27,8,0,1767271520,0,40.33257294,1/2/2026 0:48,1/2/2026 0:48
3747,89,25,0,1767314463,2,5,1/2/2026 6:41,1/2/2026 6:41
3096,27,9,0,1767228653,0,31.49394798,1/1/2026 7:23,1/1/2026 7:23
499,42,0,0,0,0,31.04638481,1/1/2026 13:44,1/1/2026 13:44
2045,27,7,0,1767282513,0,0.097730666,1/1/2026 21:49,1/1/2026 21:49
6713,27,8,0,1767322063,0,7.04E-05,1/2/2026 8:47,1/2/2026 8:47
870,27,8,0,1767249078,0,0.039224427,1/1/2026 12:32,1/1/2026 12:32
6519,27,7,0,1767261752,0,0.072687268,1/1/2026 16:03,1/1/2026 16:03
4499,27,7,0,1767262748,0,2.549527884,1/1/2026 17:49,1/1/2026 17:49
5254,27,7,0,1767241907,0,0.001282996,1/1/2026 10:32,1/1/2026 10:32
1917,39,0,0,0,0,53.79435349,1/1/2026 2:23,1/1/2026 2:23
88,27,7,0,1767329241,0,0.056397457,1/2/2026 10:48,1/2/2026 10:48
826,35,0,0,0,0,45.3343811,1/1/2026 6:31,1/1/2026 6:31
4705,39,0,0,0,0,52.27052689,1/1/2026 8:55,1/1/2026 8:55
4951,27,7,0,1767271516,0,1633.272827,1/1/2026 19:11,1/1/2026 19:11
6932,39,0,0,0,0,53.5721283,1/1/2026 6:50,1/1/2026 6:50
1528,27,8,0,1767274116,0,0.089744337,1/1/2026 19:31,1/1/2026 19:31
2022,35,0,0,0,0,31.34207153,1/1/2026 12:28,1/1/2026 12:28
324,27,7,0,1767174699,0,0.768337667,1/1/2026 2:10,1/1/2026 2:10
2531,35,0,0,0,0,57.80081177,1/1/2026 20:37,1/1/2026 20:37
1883,27,8,0,1767276989,0,0.014482692,1/1/2026 20:16,1/1/2026 20:16
311,42,0,0,0,0,22.88458443,1/1/2026 5:52,1/1/2026 5:52
1970,39,0,0,0,0,54.27054977,1/1/2026 11:40,1/1/2026 11:40
7267,27,9,0,1767243764,3,0,1/1/2026 11:02,1/1/2026 11:02
2903,27,8,0,1767172783,0,0.70293802,1/1/2026 8:50,1/1/2026 8:50
5643,27,7,0,1767230161,0,0.216056079,1/1/2026 12:16,1/1/2026 12:16
5399,27,7,0,1767071283,0,0.762060702,1/1/2026 7:09,1/1/2026 7:09
3064,27,9,0,1767271776,0,0.134647161,1/1/2026 18:52,1/1/2026 18:52
1574,27,8,0,1767258055,0,0.007142013,1/1/2026 15:01,1/1/2026 15:01
4809,27,7,0,1766025195,0,1.007545948,1/1/2026 9:43,1/1/2026 9:43
5285,27,7,0,1767233513,0,44.04072952,1/1/2026 9:21,1/1/2026 9:21
1479,27,7,0,1767323573,0,0.034535393,1/2/2026 9:14,1/2/2026 9:14
5684,27,7,0,1767179310,0,64.96896362,1/1/2026 22:04,1/1/2026 22:04
4391,27,7,0,1767001001,0,1840.668701,1/1/2026 14:00,1/1/2026 14:00
2289,27,8,0,1767235245,0,0.000983979,1/1/2026 8:41,1/1/2026 8:41
288,39,0,0,0,0,52.44512939,1/1/2026 3:55,1/1/2026 3:55
5706,42,0,0,0,0,32.48354721,1/2/2026 1:47,1/2/2026 1:47
4793,35,0,0,0,0,47.9894104,1/1/2026 11:34,1/1/2026 11:34
3895,89,25,0,1752280692,0,1.799982071,1/2/2026 9:30,1/2/2026 9:30
1421,42,0,0,0,0,24.05362129,1/2/2026 3:32,1/2/2026 3:31
6495,35,0,0,0,0,53.53598022,1/1/2026 0:21,1/1/2026 0:35
458,27,7,0,1767283206,0,1.76141119,1/1/2026 22:30,1/1/2026 22:30
3833,89,25,0,1767297384,0,84.6780777,1/2/2026 6:11,1/2/2026 6:11
5775,35,0,0,0,0,59.04440308,1/2/2026 5:54,1/2/2026 5:54
1304,35,0,0,0,0,97.099823,1/2/2026 10:23,1/2/2026 10:22
7330,27,9,0,1767264478,0,0.932366192,1/1/2026 18:18,1/1/2026 18:17
4153,42,0,0,0,0,25.76963615,1/1/2026 16:57,1/1/2026 16:57
7305,27,9,0,1767300083,0,31.67173576,1/2/2026 2:50,1/2/2026 2:50
4195,40,0,0,1767274243,3,0,1/1/2026 19:30,1/1/2026 19:30
3883,103,0,0,1767265601,2,0,1/1/2026 17:06,1/1/2026 17:06
4276,27,7,0,1767266658,0,28.34455299,1/2/2026 5:53,1/2/2026 5:53
3813,42,0,0,0,0,29.24456787,1/1/2026 17:36,1/1/2026 17:36
954,35,0,0,0,0,49.01174927,1/1/2026 2:24,1/1/2026 2:24
2040,27,7,0,1767245129,0,0.904507041,1/1/2026 13:25,1/1/2026 13:25
1358,27,8,0,1767177850,0,24.05223274,1/1/2026 0:41,1/1/2026 0:41
4219,45,0,0,1767273115,2,0,1/1/2026 19:30,1/1/2026 19:30
4586,39,0,0,0,0,53.81022644,1/2/2026 11:42,1/2/2026 11:42
6643,42,0,0,0,0,38.95078278,1/2/2026 4:49,1/2/2026 4:49
6153,27,9,0,1767278968,2,0,1/1/2026 20:49,1/1/2026 20:49
951,27,7,0,1767226405,0,1157.13916,1/1/2026 7:04,1/1/2026 7:04
2318,27,9,0,1767270631,0,0.002421151,1/1/2026 18:32,1/1/2026 18:32
1264,39,0,0,0,0,54.08007431,1/2/2026 2:04,1/2/2026 2:03
3856,26,0,0,1767272536,3,0,1/1/2026 19:02,1/1/2026 19:02
5408,27,7,0,1767210953,3,0,1/1/2026 1:55,1/1/2026 1:55
2307,27,8,0,1767241932,0,0.035535838,1/1/2026 10:33,1/1/2026 10:33
444,27,7,0,1767249785,0,0.853651583,1/2/2026 10:13,1/2/2026 10:13
2491,35,0,0,0,0,47.89022827,1/1/2026 4:59,1/1/2026 4:59
4780,35,0,0,0,0,58.69345093,1/1/2026 5:05,1/1/2026 5:05
370,27,7,0,1767263854,0,1.584625244,1/1/2026 21:07,1/1/2026 21:07
1343,27,8,0,1767267370,0,0.319428384,1/1/2026 21:06,1/1/2026 21:06
1798,27,8,0,1767322430,2,1802,1/2/2026 8:54,1/2/2026 8:53
394,27,7,0,1767185648,0,0.985435486,1/1/2026 19:55,1/1/2026 19:54
7301,27,9,0,1767169441,0,0.579230249,1/1/2026 5:24,1/1/2026 5:24
4021,42,0,0,0,0,26.4345932,1/2/2026 9:04,1/2/2026 9:04
2529,27,9,0,1767257008,0,1624.107544,1/1/2026 15:34,1/1/2026 15:34
5194,27,7,0,1767274771,0,0.003108842,1/1/2026 19:40,1/1/2026 19:40
4717,27,7,0,1767179315,0,45.46303558,1/1/2026 7:55,1/1/2026 7:55
2877,27,8,0,1767257900,0,0.003590656,1/1/2026 14:59,1/1/2026 14:59
4442,39,0,0,0,0,54.06419754,1/1/2026 14:25,1/1/2026 14:25
1093,27,8,0,1767286598,0,0.002664956,1/1/2026 22:57,1/1/2026 22:57
3367,92,0,0,0,0,37.55651855,1/1/2026 14:38,1/1/2026 14:38
2950,42,0,0,0,0,26.74562073,1/2/2026 11:52,1/2/2026 11:51
5784,27,7,0,1767330809,2,0,1/2/2026 11:14,1/2/2026 11:14
18,36,0,0,1767257634,3,0,1/1/2026 14:53,1/1/2026 14:53
2109,35,0,0,0,0,53.75723267,1/2/2026 3:27,1/2/2026 3:27
7099,42,0,0,0,0,31.75424004,1/1/2026 14:43,1/1/2026 14:43
4768,27,7,0,1767276277,3,0,1/1/2026 20:04,1/1/2026 20:04
1295,27,8,0,1767256257,0,38.12291718,1/2/2026 11:28,1/2/2026 11:27
2353,27,9,0,1767282670,0,0.001316386,1/1/2026 21:52,1/1/2026 21:52
3724,89,25,0,1767215940,0,0.010085418,1/1/2026 3:19,1/1/2026 3:19
1989,35,0,0,0,0,62.82858276,1/2/2026 7:36,1/2/2026 7:36
3461,92,0,0,0,0,22.20890427,1/2/2026 0:14,1/2/2026 0:14
6632,42,0,0,0,0,36.79503632,1/1/2026 11:01,1/1/2026 11:01
1595,27,8,0,1767326248,0,0.002633921,1/2/2026 9:58,1/2/2026 9:58
7378,27,9,0,1767281711,2,0,1/1/2026 21:35,1/1/2026 21:35
402,27,7,0,1767321119,0,0.08691147,1/2/2026 8:33,1/2/2026 8:33
411,27,7,0,1767270600,0,0.005511824,1/1/2026 18:30,1/1/2026 18:30
3947,91,0,0,0,0,47.83682251,1/1/2026 0:50,1/1/2026 0:50
1924,39,0,0,0,0,53.63562393,1/1/2026 4:34,1/1/2026 4:33
6375,27,7,0,1767256271,0,0.547620118,1/1/2026 14:42,1/1/2026 14:42
6622,42,0,0,0,0,21.94077682,1/1/2026 6:21,1/1/2026 6:21
1383,27,7,0,1767250596,3,3550,1/1/2026 12:56,1/1/2026 12:56
3764,89,25,0,1767248867,0,0.000314337,1/1/2026 12:28,1/1/2026 12:27
6515,27,7,0,1767275150,0,0.021127848,1/1/2026 19:50,1/1/2026 19:50
2760,27,9,0,1767181806,0,23.59506226,1/1/2026 8:00,1/1/2026 8:00
7568,42,0,0,0,0,17.89741516,1/1/2026 6:29,1/1/2026 6:29
3974,26,0,0,1767298456,3,0,1/2/2026 2:14,1/2/2026 2:15
7565,39,0,0,0,0,54.46102905,1/2/2026 4:24,1/2/2026 4:24
3183,40,0,0,1767332487,2,0,1/2/2026 11:42,1/2/2026 11:42
7305,27,9,0,1767235136,2,0,1/1/2026 8:49,1/1/2026 8:49
4549,42,0,0,0,0,26.53111839,1/2/2026 3:34,1/2/2026 3:34
3187,91,0,0,0,0,55.56539917,1/1/2026 2:16,1/1/2026 2:16
3208,90,0,0,0,0,53.8260994,1/1/2026 1:57,1/1/2026 1:57
6502,27,7,0,1767261927,0,67.38180542,1/2/2026 2:27,1/2/2026 2:27
5151,27,8,0,1767248876,0,0.002233524,1/1/2026 12:29,1/1/2026 12:29
2812,27,8,0,1767248657,0,0.449388474,1/1/2026 13:54,1/1/2026 13:54
4867,27,7,0,1767274570,0,0.023130244,1/1/2026 19:36,1/1/2026 19:36
7043,27,7,0,1767253443,0,32.99245071,1/1/2026 21:03,1/1/2026 21:03
4538,27,8,0,1767315994,2,0,1/2/2026 7:07,1/2/2026 7:07
258,27,7,0,1767141784,0,1.122025013,1/1/2026 9:43,1/1/2026 9:43
2372,39,0,0,0,0,53.69911575,1/1/2026 14:24,1/1/2026 14:24
405,27,7,0,1767097495,0,0.605248094,1/1/2026 6:26,1/1/2026 6:25
7137,27,9,0,1767237195,3,0,1/1/2026 9:13,1/1/2026 9:13
7070,39,0,0,0,0,54.25467682,1/1/2026 14:24,1/1/2026 14:24
4440,27,7,0,1767181431,0,2862.59668,1/1/2026 22:16,1/1/2026 22:16
7343,42,0,0,0,0,31.99019241,1/1/2026 13:52,1/1/2026 13:52
2292,42,0,0,0,0,27.97900581,1/1/2026 17:55,1/1/2026 17:55
2597,27,9,0,1767285290,0,0.029014552,1/1/2026 22:35,1/1/2026 22:35
3105,89,25,0,1767228836,0,10.9593277,1/2/2026 2:48,1/2/2026 2:48
7335,27,9,0,1767245488,0,0.000237958,1/1/2026 11:31,1/1/2026 11:31
6320,27,7,0,1767250900,0,36.37042999,1/2/2026 7:30,1/2/2026 7:30
3098,39,0,0,0,0,53.01656723,1/1/2026 1:51,1/1/2026 1:51
6756,27,8,0,1767272319,0,0.001371058,1/1/2026 18:59,1/1/2026 18:59
1179,27,7,0,1767261135,0,0.21980755,1/1/2026 16:22,1/1/2026 16:22
4831,45,0,0,1767253115,3,0,1/1/2026 13:38,1/1/2026 13:38
714,27,7,0,1767088597,0,0.884803593,1/1/2026 19:28,1/1/2026 19:28
4365,45,0,0,1767277953,3,0,1/1/2026 20:32,1/1/2026 20:32
5556,27,7,0,1767234612,0,0.000299664,1/1/2026 8:30,1/1/2026 8:30
1658,27,7,0,1767233235,0,17.677248,1/1/2026 19:03,1/1/2026 19:03
3154,27,9,0,1767247283,0,0.000474269,1/1/2026 12:01,1/1/2026 12:01
5447,40,0,0,1767246730,3,0,1/1/2026 11:52,1/1/2026 11:52
536,27,8,0,1767294299,0,0.520058155,1/2/2026 3:05,1/2/2026 3:04
5980,27,7,0,1767268616,2,0,1/1/2026 17:57,1/1/2026 17:57
702,26,0,0,1767267700,2,0,1/1/2026 17:43,1/1/2026 17:43
7016,27,7,0,1767252736,0,1.099357843,1/2/2026 11:02,1/2/2026 11:02
389,27,7,0,1767277103,0,0.011732771,1/1/2026 20:18,1/1/2026 20:18
592,39,0,0,0,0,54.14356613,1/1/2026 7:20,1/1/2026 7:20
7457,27,9,0,1767258583,0,0.003176829,1/1/2026 15:09,1/1/2026 15:09
7140,39,0,0,0,0,54.14356613,1/1/2026 20:52,1/1/2026 20:52
1390,35,0,0,0,0,53.28421021,1/1/2026 22:03,1/1/2026 22:03
254,27,7,0,1767175740,0,2008.425781,1/1/2026 18:28,1/1/2026 18:28
5876,27,7,0,1767271401,2,0,1/1/2026 18:43,1/1/2026 18:43
275,27,7,0,1767325816,0,0.018142231,1/2/2026 9:50,1/2/2026 9:50
124,27,7,0,1767177824,0,0.669052184,1/1/2026 7:14,1/1/2026 7:14
5779,39,0,0,0,0,53.71498871,1/2/2026 11:46,1/2/2026 11:46
1032,27,7,0,1767257519,0,40.35797119,1/1/2026 16:21,1/1/2026 16:21
3375,89,25,0,1767265679,0,0.9064731,1/2/2026 8:08,1/2/2026 8:08
6715,27,9,0,1767272799,0,0.10429956,1/1/2026 19:09,1/1/2026 19:08
4425,35,0,0,0,0,30.92245483,1/1/2026 19:53,1/1/2026 19:53
7080,45,0,0,1767236645,3,0,1/1/2026 9:04,1/1/2026 9:04
1490,27,8,0,1767259678,0,0.043893255,1/1/2026 15:29,1/1/2026 15:29
5488,27,8,0,1767281819,0,0.006976226,1/1/2026 21:43,1/1/2026 21:43
6686,27,7,0,1767238386,2,0,1/1/2026 9:33,1/1/2026 9:33
1441,27,9,0,1767248391,0,0.424357533,1/2/2026 5:31,1/2/2026 5:30
3332,27,7,0,1767181969,0,1.023253679,1/2/2026 7:53,1/2/2026 7:53
3445,89,25,0,1767093355,0,907.9519043,1/2/2026 5:11,1/2/2026 5:10
5095,35,0,0,0,0,56.6411438,1/1/2026 19:22,1/1/2026 19:22
1684,27,7,0,1767254981,0,1048.288086,1/2/2026 4:18,1/2/2026 4:18
1473,42,0,0,0,0,23.34576416,1/1/2026 7:52,1/1/2026 7:52
185,27,7,0,1767255982,0,0.097363971,1/1/2026 14:28,1/1/2026 14:27
1772,42,0,0,0,0,23.35648918,1/2/2026 6:46,1/2/2026 6:46
890,27,7,0,1767272480,0,0.001521829,1/1/2026 19:02,1/1/2026 19:02
4405,27,7,0,1767265558,3,0,1/1/2026 17:05,1/1/2026 17:05
3058,27,8,0,1767195423,0,0.469461083,1/1/2026 16:37,1/1/2026 16:37
2441,27,8,0,1767276548,0,0.000617393,1/1/2026 20:09,1/1/2026 20:09
7188,42,0,0,0,0,27.53927803,1/1/2026 18:11,1/1/2026 18:11
2246,27,8,0,1767281810,0,0.015697876,1/1/2026 21:37,1/1/2026 21:37
4542,27,7,0,1766911760,0,28.19216347,1/1/2026 9:28,1/1/2026 9:28
4616,36,0,0,1767273097,2,0,1/1/2026 19:14,1/1/2026 19:14
3366,89,25,0,1767264728,0,34.26236725,1/2/2026 7:20,1/2/2026 7:20
3795,89,25,0,1767284312,0,23.41727448,1/2/2026 1:38,1/2/2026 1:38
7520,27,9,0,1767266171,0,1.930274248,1/2/2026 5:06,1/2/2026 5:06
711,35,0,0,0,0,43.90005493,1/1/2026 0:09,1/1/2026 0:09
6954,27,7,0,1767201028,0,44.06612778,1/1/2026 1:37,1/1/2026 1:36
4940,27,7,0,1767320758,0,0.000555784,1/2/2026 8:26,1/2/2026 8:26
7148,35,0,0,0,0,45.44119263,1/2/2026 3:40,1/2/2026 3:40
6302,27,7,0,1767280326,2,0,1/1/2026 21:13,1/1/2026 21:13
2066,27,7,0,1767004161,0,28.87791824,1/2/2026 9:11,1/2/2026 9:11
2696,27,7,0,1767276157,0,0.003459079,1/1/2026 20:03,1/1/2026 20:03
4190,45,0,0,1767269547,3,0,1/1/2026 18:12,1/1/2026 18:12
3146,89,25,0,1767148004,0,47.67269135,1/1/2026 4:47,1/1/2026 4:47
5974,27,7,0,1767279201,0,0.00132205,1/1/2026 20:54,1/1/2026 20:54
2746,35,0,0,0,0,40.0395813,1/2/2026 11:38,1/2/2026 11:38
7251,42,0,0,0,0,30.14547539,1/1/2026 13:12,1/1/2026 13:12
4216,27,7,0,1767270374,0,0.009797172,1/1/2026 18:26,1/1/2026 18:26
6427,27,7,0,1767276534,0,0.051259529,1/1/2026 20:09,1/1/2026 20:09
597,27,7,0,1767275000,0,0.003077941,1/1/2026 19:45,1/1/2026 19:45
451,27,8,0,1767280449,0,0.047790267,1/1/2026 21:15,1/1/2026 21:15
172,27,7,0,1767183419,0,29.7414608,1/2/2026 2:19,1/2/2026 2:19
1129,35,0,0,0,0,60.25747681,1/1/2026 17:48,1/1/2026 17:48
1598,39,0,0,0,0,53.85784912,1/1/2026 19:11,1/1/2026 19:11
6905,27,7,0,1767255557,0,38.70707703,1/1/2026 22:25,1/1/2026 22:25
2804,123,0,0,0,0,24.96525383,1/1/2026 16:43,1/1/2026 16:43
5758,27,7,0,1767269784,0,37.69114304,1/2/2026 8:36,1/2/2026 8:36
3130,27,9,0,1767263305,0,0.013444028,1/1/2026 16:28,1/1/2026 16:28
2912,27,7,0,1766218545,0,0.933325469,1/1/2026 21:54,1/1/2026 21:54
4139,27,7,0,1767274659,3,0,1/1/2026 19:37,1/1/2026 19:37
2184,42,0,0,0,0,25.04032898,1/2/2026 0:45,1/2/2026 0:45
702,26,0,0,1767259248,3,0,1/1/2026 15:20,1/1/2026 15:20
3196,89,25,0,1767234077,0,1.500920415,1/1/2026 22:21,1/1/2026 22:21
1674,35,0,0,0,0,48.80575562,1/1/2026 2:45,1/1/2026 2:45
5358,27,7,0,1766998174,0,1.130837679,1/1/2026 1:21,1/1/2026 1:21
1376,27,8,0,1767269769,3,0,1/1/2026 18:16,1/1/2026 18:16
6262,27,7,0,1767074358,0,1.181353211,1/1/2026 20:30,1/1/2026 20:30
6321,27,7,0,1767179261,0,1.443711042,1/1/2026 0:37,1/1/2026 0:37
2481,27,9,0,1767247168,0,0.012069333,1/1/2026 11:59,1/1/2026 11:59
5668,27,7,0,1767239613,0,1.280149817,1/1/2026 13:53,1/1/2026 13:53
3146,91,0,0,0,0,51.81173706,1/1/2026 18:19,1/1/2026 18:19
3144,35,0,0,0,0,53.93270874,1/1/2026 4:30,1/1/2026 4:29
6811,27,9,0,1767092849,0,33.55121231,1/2/2026 1:14,1/2/2026 1:14
5447,40,0,0,1767246478,3,0,1/1/2026 11:47,1/1/2026 11:47
774,27,7,0,1767255679,0,0.684019983,1/2/2026 5:51,1/2/2026 5:51
2161,42,0,0,0,0,27.29260063,1/2/2026 1:39,1/2/2026 1:39
7521,42,0,0,0,0,25.57658386,1/1/2026 12:10,1/1/2026 12:09
3293,42,0,0,0,0,29.77009773,1/1/2026 20:09,1/1/2026 20:09
2453,42,0,0,0,0,21.23291969,1/1/2026 1:59,1/1/2026 1:59
5886,35,0,0,0,0,59.71578979,1/2/2026 0:31,1/2/2026 0:31
3903,27,9,0,1767258458,0,0.032495886,1/1/2026 15:08,1/1/2026 15:08
2434,27,8,0,1767277505,0,0.011182934,1/1/2026 20:25,1/1/2026 20:25
288,42,0,0,0,0,32.75167465,1/2/2026 9:25,1/2/2026 9:25
853,27,7,0,1767328295,0,6.77E-05,1/2/2026 10:31,1/2/2026 10:31
2828,39,0,0,0,0,52.92132568,1/1/2026 19:09,1/1/2026 19:09
3022,27,9,0,1767255032,0,0.026716299,1/1/2026 14:11,1/1/2026 14:11
520,27,8,0,1767259873,0,2328.867676,1/1/2026 15:58,1/1/2026 15:58
3081,27,9,0,1767157226,0,0.59367907,1/1/2026 3:00,1/1/2026 3:00
2718,89,26,0,1767231583,0,0.041915748,1/1/2026 7:41,1/1/2026 7:41
3550,89,26,0,1767176234,0,0.460431367,1/1/2026 2:47,1/1/2026 2:47
7477,27,9,0,1767258634,2,0,1/1/2026 15:11,1/1/2026 15:11
152,39,0,0,0,0,54.68325424,1/1/2026 14:17,1/1/2026 14:17
2290,27,8,0,1767327073,0,0.003522333,1/2/2026 10:11,1/2/2026 10:11
5426,27,7,0,1767189466,0,43.45656967,1/2/2026 4:30,1/2/2026 4:30
352,35,0,0,0,0,42.44284058,1/1/2026 21:51,1/1/2026 21:51
3153,45,7,0,1767255634,2,0,1/1/2026 14:21,1/1/2026 14:20
7343,27,9,0,1766902083,0,687.039856,1/1/2026 13:27,1/1/2026 13:27
981,45,7,0,1767273774,2,0,1/1/2026 19:23,1/1/2026 19:23
237,27,7,0,1767278491,2,0,1/1/2026 20:41,1/1/2026 20:41
7498,35,0,0,0,0,47.51638794,1/2/2026 4:04,1/2/2026 4:04
4264,35,0,0,0,0,44.95291138,1/1/2026 19:38,1/1/2026 19:38
3957,89,25,0,1767209016,0,0.023263847,1/1/2026 1:24,1/1/2026 1:24
5313,27,7,0,1767278439,0,1.334537268,1/2/2026 8:10,1/2/2026 8:10
1626,27,8,0,1767183346,0,0.781662941,1/1/2026 3:46,1/1/2026 3:45
5877,40,0,0,1767267929,3,0,1/1/2026 17:45,1/1/2026 17:45
3492,90,0,0,0,0,54.11182022,1/2/2026 6:27,1/2/2026 6:27
723,27,7,0,1767177412,0,42.94860077,1/1/2026 0:36,1/1/2026 0:36
6007,35,0,0,0,0,56.62588501,1/1/2026 17:57,1/1/2026 17:57
4104,27,9,0,1767087413,0,0.652185977,1/1/2026 10:38,1/1/2026 10:38
7547,35,0,0,0,0,39.91751099,1/1/2026 14:58,1/1/2026 14:58
5952,27,7,0,1767179282,0,0.983089805,1/1/2026 0:08,1/1/2026 0:08
3825,92,0,0,0,0,22.64863205,1/1/2026 4:13,1/1/2026 4:13
3356,89,25,0,1767162837,0,23.2902813,1/1/2026 9:20,1/1/2026 9:19
7159,39,0,0,0,0,54.34991837,1/1/2026 10:49,1/1/2026 10:49
5669,45,0,0,1767273777,3,0,1/1/2026 19:22,1/1/2026 19:22
2142,27,8,0,1767318152,0,0.004419104,1/2/2026 7:44,1/2/2026 7:44
1023,27,8,0,1767274905,0,0.008496575,1/1/2026 19:42,1/1/2026 19:41
5703,27,7,0,1767242422,2,0,1/1/2026 10:40,1/1/2026 10:40
1757,42,0,0,0,0,21.07204437,1/2/2026 1:16,1/2/2026 1:16
100,42,0,0,0,0,27.94683075,1/1/2026 4:23,1/1/2026 4:23
2199,27,8,0,1767153362,0,2.055235147,1/1/2026 0:26,1/1/2026 0:26
1865,35,0,0,0,0,57.65585327,1/2/2026 10:46,1/2/2026 10:46
3535,91,0,0,0,0,46.98995972,1/1/2026 20:39,1/1/2026 20:39
3737,91,0,0,0,0,55.63406372,1/1/2026 20:55,1/1/2026 20:55
5458,38,0,0,1767268044,2,0,1/1/2026 17:50,1/1/2026 17:50
365,39,0,0,0,0,54.04832458,1/2/2026 0:04,1/2/2026 0:04
4024,42,0,0,0,0,27.64652824,1/1/2026 11:01,1/1/2026 11:01
3102,27,7,0,1767201209,0,1.151599407,1/1/2026 3:43,1/1/2026 3:43
6637,45,0,0,1767279585,2,0,1/1/2026 21:02,1/1/2026 21:02
2130,35,0,0,0,0,48.72183228,1/1/2026 22:21,1/1/2026 22:21
7196,27,9,0,1767178268,0,0.578000784,1/1/2026 3:21,1/1/2026 3:21
3612,45,8,0,1767234354,2,0,1/1/2026 8:27,1/1/2026 8:27
2116,27,8,0,1767257883,0,0.003083486,1/1/2026 14:59,1/1/2026 14:59
104,27,7,0,1767268953,0,1.11541903,1/2/2026 2:32,1/2/2026 2:32
6117,27,7,0,1767135633,0,1492.313354,1/1/2026 19:43,1/1/2026 19:42
181,27,7,0,1767326726,0,0.030262373,1/2/2026 10:05,1/2/2026 10:05
1352,39,0,0,0,0,53.95308685,1/1/2026 0:54,1/1/2026 0:54
5045,42,0,0,0,0,32.92327499,1/1/2026 22:05,1/1/2026 22:05
5860,35,0,0,0,0,54.24551392,1/2/2026 5:18,1/2/2026 5:18
6704,27,8,0,1767256515,0,0.039974231,1/1/2026 14:36,1/1/2026 14:36
7215,42,0,0,0,0,27.48565102,1/1/2026 7:58,1/1/2026 7:58
5885,27,7,0,1767237389,0,0.004392347,1/1/2026 9:18,1/1/2026 9:18
5784,27,7,0,1767316830,0,0.014820157,1/2/2026 7:20,1/2/2026 7:20
1474,39,0,0,0,0,54.33404541,1/2/2026 8:48,1/2/2026 8:48
5466,27,7,0,1767074179,0,1.005435228,1/1/2026 5:26,1/1/2026 5:27
2307,39,0,0,0,0,54.08007431,1/1/2026 4:09,1/1/2026 4:09
457,35,0,0,0,0,54.35995483,1/2/2026 8:48,1/2/2026 8:48
7190,27,9,0,1767170311,0,0.692047954,1/1/2026 2:16,1/1/2026 2:15
712,35,0,0,0,0,48.62265015,1/1/2026 4:53,1/1/2026 4:53
832,27,7,0,1767073272,0,0.674262643,1/1/2026 7:12,1/1/2026 7:12
6527,27,7,0,1767234347,3,0,1/1/2026 8:25,1/1/2026 8:25
1372,42,0,0,0,0,31.68988991,1/1/2026 17:04,1/1/2026 17:04
2039,39,0,0,0,0,53.74673462,1/1/2026 9:56,1/1/2026 9:56
638,27,8,0,1767206568,0,0.000130569,1/1/2026 0:43,1/1/2026 0:42
1722,35,0,0,0,0,54.62698364,1/1/2026 2:32,1/1/2026 2:32
6495,35,0,0,0,0,60.02096558,1/2/2026 11:37,1/2/2026 11:36
1324,27,9,0,1767272156,0,0.22718747,1/1/2026 19:55,1/1/2026 19:55
515,27,8,0,1767266897,0,1853.422485,1/1/2026 21:26,1/1/2026 21:26
2816,39,0,0,0,0,53.8260994,1/2/2026 9:41,1/2/2026 9:41
3084,27,9,0,1767069237,0,1.523580313,1/2/2026 9:06,1/2/2026 9:06
6260,39,0,0,0,0,54.00070572,1/2/2026 11:13,1/2/2026 11:13
3504,91,0,0,0,0,57.45748901,1/1/2026 7:29,1/1/2026 7:29
6686,27,7,0,1767176814,0,1.655133605,1/1/2026 10:27,1/1/2026 10:27
1545,35,0,0,0,0,25.29959106,1/1/2026 13:21,1/1/2026 13:21
7353,27,8,0,1767268357,0,0.671875715,1/2/2026 8:23,1/2/2026 8:22
3014,89,25,0,1767147182,0,849.491394,1/1/2026 6:53,1/1/2026 6:52
5747,42,0,0,0,0,26.5847435,1/1/2026 20:59,1/1/2026 20:59
5457,27,9,0,1766829839,0,1120.69043,1/1/2026 7:09,1/1/2026 7:09
2497,27,8,0,1767268840,0,0.268064857,1/1/2026 19:00,1/1/2026 19:00
1866,39,0,0,0,0,53.98483276,1/2/2026 4:37,1/2/2026 4:37
3539,90,0,0,0,0,54.20705795,1/1/2026 15:35,1/1/2026 15:35
1073,39,0,0,0,0,53.88959503,1/1/2026 17:12,1/1/2026 17:12
633,35,0,0,0,0,62.30215454,1/2/2026 7:17,1/2/2026 7:17
1030,35,0,0,0,0,36.06466675,1/1/2026 14:10,1/1/2026 14:10
7132,27,9,0,1767333320,0,0.002732436,1/2/2026 11:56,1/2/2026 11:56
7265,27,8,0,1767297127,0,0.528015733,1/2/2026 3:52,1/2/2026 3:52
5224,42,0,0,0,0,23.05618668,1/1/2026 13:56,1/1/2026 13:56
2481,27,9,0,1767274298,0,0.008898661,1/1/2026 19:31,1/1/2026 19:32
6956,27,9,0,1767246048,2,0,1/1/2026 11:41,1/1/2026 11:40
5291,39,0,0,0,0,53.92134094,1/1/2026 0:35,1/1/2026 0:35
4938,27,7,0,1767320629,0,1.044467449,1/2/2026 11:53,1/2/2026 11:53
3342,27,7,0,1767090492,0,1307.007446,1/1/2026 12:55,1/1/2026 12:55
3740,89,25,0,1767175850,0,1.701689124,1/2/2026 5:14,1/2/2026 5:14
1099,26,0,0,1767265329,3,0,1/1/2026 17:02,1/1/2026 17:02
5872,27,7,0,1767255062,0,1724.922119,1/2/2026 5:01,1/2/2026 5:01
6238,27,7,0,1766733741,0,65.57852936,1/2/2026 0:57,1/2/2026 0:56
3071,27,9,0,1767217330,0,0.763730407,1/1/2026 8:42,1/1/2026 8:42
3985,42,0,0,0,0,21.10421944,1/2/2026 3:29,1/2/2026 3:29
549,35,0,0,0,0,47.41720581,1/1/2026 2:07,1/1/2026 2:07
7264,27,7,0,1767253642,0,0.289119661,1/1/2026 14:55,1/1/2026 14:55
2530,27,8,0,1767279554,2,1873,1/1/2026 20:59,1/1/2026 20:59
6508,35,0,0,0,0,70.07650757,1/1/2026 9:40,1/1/2026 9:39
5872,27,7,0,1767286158,0,0.00043725,1/1/2026 22:49,1/1/2026 22:49
2273,27,8,0,1767170088,0,1870.726196,1/1/2026 11:50,1/1/2026 11:50
7228,27,9,0,1767253257,2,0,1/1/2026 13:41,1/1/2026 13:41
937,39,0,0,0,0,53.98483276,1/2/2026 5:08,1/2/2026 5:08
937,27,7,0,1767240614,0,2145.070557,1/1/2026 17:46,1/1/2026 17:46
1142,27,7,0,1767273254,0,28.21756172,1/1/2026 22:41,1/1/2026 22:41
7460,39,0,0,0,0,51.1752739,1/2/2026 10:20,1/2/2026 10:20
5111,27,7,0,1767267214,0,2.443866253,1/1/2026 21:33,1/1/2026 21:33
6673,27,9,0,1767245764,2,0,1/1/2026 11:38,1/1/2026 11:38
4986,27,7,0,1767242389,0,0.002676431,1/1/2026 10:41,1/1/2026 10:41
5054,27,7,0,1767261661,0,25.29675102,1/1/2026 17:48,1/1/2026 17:48
2893,91,0,0,0,0,54.44387817,1/2/2026 7:07,1/2/2026 7:07
7558,35,0,0,0,0,60.2727356,1/1/2026 17:43,1/1/2026 17:43
851,35,0,0,0,0,42.24447632,1/1/2026 22:09,1/1/2026 22:09
1868,27,9,0,1766994778,0,20.0900898,1/2/2026 6:51,1/2/2026 6:51
5212,35,0,0,0,0,57.22860718,1/2/2026 9:34,1/2/2026 9:34
4535,91,0,0,0,0,59.73867798,1/2/2026 5:43,1/2/2026 5:43
310,27,7,0,1767199102,0,1218.334229,1/1/2026 7:09,1/1/2026 7:09
4263,27,9,0,1767251928,0,28.95411301,1/1/2026 15:05,1/1/2026 15:05
3755,92,0,0,0,0,26.47749329,1/2/2026 1:15,1/2/2026 1:15
7330,42,0,0,0,0,32.5264473,1/1/2026 14:31,1/1/2026 14:31
697,27,7,0,1766997286,0,28.14136505,1/2/2026 0:34,1/2/2026 0:34
5100,27,7,0,1766999491,0,1.244850278,1/1/2026 19:13,1/1/2026 19:13
898,26,0,0,1767293507,3,0,1/2/2026 0:51,1/2/2026 0:51
6853,27,9,0,1767279344,0,0.061607357,1/1/2026 21:07,1/1/2026 21:07
4940,27,7,0,1767241380,0,1.362991691,1/1/2026 10:53,1/1/2026 10:52
2971,27,9,0,1767080934,0,0.785821676,1/1/2026 3:03,1/1/2026 3:03
2767,90,0,0,0,0,48.85778046,1/1/2026 16:35,1/1/2026 16:35
865,27,7,0,1767248089,0,43.81214523,1/1/2026 12:19,1/1/2026 12:19
3079,27,9,0,1767074066,0,38.07211685,1/1/2026 3:22,1/1/2026 3:22
4458,27,7,0,1767257449,2,0,1/1/2026 14:51,1/1/2026 14:51
1039,27,8,0,1767259613,0,0.001869686,1/1/2026 15:28,1/1/2026 15:28
3857,27,7,0,1767263492,0,20.21708298,1/2/2026 6:40,1/2/2026 6:40
4848,27,9,0,1767185798,0,0.460268915,1/2/2026 3:27,1/2/2026 3:27
7105,27,9,0,1764837181,0,27.328619,1/1/2026 21:26,1/1/2026 21:26
5438,39,0,0,0,0,54.46102905,1/2/2026 5:20,1/2/2026 5:20
227,27,7,0,1767177416,0,35.88785934,1/1/2026 7:54,1/1/2026 7:53
2872,39,0,0,0,0,53.87372208,1/1/2026 3:58,1/1/2026 3:58
456,27,8,0,1766994778,0,0.732182026,1/1/2026 10:55,1/1/2026 10:55
7331,27,9,0,1767265614,0,24.28081703,1/2/2026 11:20,1/2/2026 11:20
4947,35,0,0,0,0,47.55453491,1/2/2026 8:52,1/2/2026 8:52
1830,27,7,0,1767278272,0,0.001029457,1/1/2026 20:38,1/1/2026 20:38
5639,27,7,0,1767248328,0,72.13130188,1/1/2026 18:46,1/1/2026 18:46
195,27,7,0,1767178617,0,1.29985404,1/1/2026 1:27,1/1/2026 1:27
3677,89,25,0,1767295717,0,2.53E-05,1/2/2026 1:28,1/2/2026 1:28
5887,27,7,0,1767083906,0,1.148694873,1/1/2026 17:39,1/1/2026 17:39
159,27,7,0,1767233569,0,33.67820358,1/1/2026 14:51,1/1/2026 14:51
7011,27,9,0,1767317032,0,0.007704044,1/2/2026 7:27,1/2/2026 7:27
1376,27,8,0,1767255288,0,0.039918467,1/1/2026 14:15,1/1/2026 14:15
2245,27,8,0,1767268063,0,6.43E-05,1/1/2026 17:47,1/1/2026 17:47
4598,89,25,0,1765021748,0,1.555028319,1/1/2026 18:38,1/1/2026 18:37
4486,27,7,0,1767292906,0,0.014900559,1/2/2026 0:42,1/2/2026 0:41
6321,27,7,0,1767272093,0,0.009706013,1/1/2026 18:55,1/1/2026 18:54
1349,39,0,0,0,0,55.00072098,1/1/2026 0:13,1/1/2026 0:12
3385,90,0,0,0,0,52.5562439,1/1/2026 19:44,1/1/2026 19:44
3716,89,25,0,1754693142,0,1.103934646,1/1/2026 1:39,1/1/2026 1:39
653,27,7,0,1767150277,0,0.729058683,1/1/2026 0:05,1/1/2026 0:05
5206,42,0,0,0,0,27.0780983,1/1/2026 17:16,1/1/2026 17:16
6678,35,0,0,0,0,63.95010376,1/1/2026 23:20,1/1/2026 23:20
3570,90,0,0,0,0,53.50863647,1/2/2026 11:27,1/2/2026 11:27
2374,27,8,0,1767262803,0,0.004456221,1/1/2026 16:20,1/1/2026 16:20
1826,27,9,0,1767240213,3,6,1/1/2026 10:03,1/1/2026 10:03
4948,27,8,0,1756807819,0,1.117640257,1/2/2026 9:18,1/2/2026 9:18
6952,27,7,0,1767283318,0,0.01840264,1/1/2026 22:02,1/1/2026 22:02
6023,45,0,0,1767227663,3,0,1/1/2026 6:34,1/1/2026 6:34
4653,27,7,0,1767080380,0,31.90032005,1/1/2026 13:14,1/1/2026 13:14
1250,27,7,0,1767254910,0,30.12243652,1/1/2026 14:53,1/1/2026 14:53
2381,27,8,0,1767317256,0,0.013658865,1/2/2026 7:28,1/2/2026 7:27
2317,27,9,0,1767283028,3,0,1/1/2026 21:57,1/1/2026 21:57
5039,27,7,0,1767282472,2,0,1/1/2026 21:48,1/1/2026 21:48
5689,42,0,0,0,0,26.92794609,1/1/2026 17:41,1/1/2026 17:41
4541,42,0,0,0,0,28.9120903,1/1/2026 12:11,1/1/2026 12:11
5492,42,0,0,0,0,39.9589386,1/1/2026 17:10,1/1/2026 17:10
3209,89,26,0,1767283257,0,1.002438903,1/1/2026 22:30,1/1/2026 22:30
7343,26,0,0,1767245347,3,0,1/1/2026 11:29,1/1/2026 11:29
1592,27,7,0,1767265291,0,0.225851581,1/1/2026 17:04,1/1/2026 17:04
6355,27,7,0,1767190410,0,51.15226746,1/2/2026 2:13,1/2/2026 2:12
6549,27,7,0,1767326133,3,0,1/2/2026 9:55,1/2/2026 9:55
1867,39,0,0,0,0,53.8260994,1/1/2026 11:03,1/1/2026 11:03
1361,27,9,0,1767259681,0,0.008020054,1/1/2026 15:31,1/1/2026 15:31
831,42,0,0,0,0,27.66797829,1/1/2026 9:50,1/1/2026 9:50
5643,39,0,0,0,0,53.55625534,1/1/2026 6:04,1/1/2026 6:04
3249,89,26,0,1767173979,0,39.13884735,1/1/2026 4:19,1/1/2026 4:18
1077,27,8,0,1767266700,0,0.000303538,1/1/2026 17:25,1/1/2026 17:25
7309,35,0,0,0,0,39.3453064,1/1/2026 11:35,1/1/2026 11:35
4522,35,0,0,0,0,72.6857605,1/1/2026 6:36,1/1/2026 6:36
3333,27,9,0,1767266038,0,0.01696723,1/1/2026 17:14,1/1/2026 17:14
7404,27,7,0,1765367886,0,0.649782062,1/2/2026 1:23,1/2/2026 1:22
2327,27,8,0,1767257027,0,1405.694214,1/1/2026 15:35,1/1/2026 15:35
7130,35,0,0,0,0,47.23410034,1/2/2026 1:11,1/2/2026 1:11
4042,42,0,0,0,0,28.2685833,1/2/2026 4:03,1/2/2026 4:03
7417,35,0,0,0,0,55.84005737,1/1/2026 8:15,1/1/2026 8:15
4179,42,0,0,0,0,29.44834518,1/1/2026 0:48,1/1/2026 0:48
5647,39,0,0,0,0,53.8260994,1/1/2026 11:46,1/1/2026 11:46
5327,27,7,0,1767258930,0,39.87540054,1/1/2026 16:40,1/1/2026 16:40
3614,45,9,0,1767266137,2,0,1/1/2026 17:16,1/1/2026 17:16
4895,27,7,0,1766988103,0,21.94417,1/1/2026 5:14,1/1/2026 5:13
1634,42,0,0,0,0,20.79319,1/2/2026 6:04,1/2/2026 6:04
384,42,0,0,0,0,29.96315002,1/2/2026 11:55,1/2/2026 11:55
6536,27,7,0,1767270559,2,0,1/1/2026 18:29,1/1/2026 18:29
275,27,7,0,1767326861,0,0.006604487,1/2/2026 10:09,1/2/2026 10:08
3684,91,0,0,0,0,50.26296997,1/2/2026 10:11,1/2/2026 10:11
704,27,7,0,1766839332,0,27.37941551,1/1/2026 2:58,1/1/2026 2:58
5747,27,7,0,1767282864,2,0,1/1/2026 21:57,1/1/2026 21:57
2042,27,8,0,1767260485,0,0.010719785,1/1/2026 15:44,1/1/2026 15:44
2806,92,0,0,0,0,23.18488693,1/1/2026 6:20,1/1/2026 6:20
4673,27,9,0,1767245453,0,0.711400568,1/1/2026 12:00,1/1/2026 12:00
295,27,7,0,1767275257,0,0.004842872,1/1/2026 19:47,1/1/2026 19:47
3031,27,7,0,1767263865,0,3899.00293,1/2/2026 9:35,1/2/2026 9:35
4074,91,0,0,0,0,60.33377075,1/1/2026 7:20,1/1/2026 7:20
1545,45,7,0,1767246717,2,0,1/1/2026 11:52,1/1/2026 11:52
1159,27,7,0,1767166980,0,26.59206772,1/1/2026 10:23,1/1/2026 10:22
1516,27,7,0,1767083267,0,29.1826973,1/1/2026 0:55,1/1/2026 0:55
6549,27,7,0,1767246608,2,0,1/1/2026 11:50,1/1/2026 11:50
1649,89,14,0,1767274892,0,0.581832469,1/2/2026 9:41,1/2/2026 9:41
570,26,0,0,1767254321,3,0,1/1/2026 13:58,1/1/2026 13:58
127,27,7,0,1767101428,0,0.774270415,1/2/2026 10:32,1/2/2026 10:32
3803,89,25,0,1767169441,0,670.0928955,1/1/2026 3:52,1/1/2026 3:52
3731,89,25,0,1767172045,0,1.072364092,1/1/2026 20:08,1/1/2026 20:08
4767,27,7,0,1767263483,0,2078.014893,1/1/2026 17:00,1/1/2026 17:00
6658,27,8,0,1767079677,0,27.65879822,1/2/2026 9:18,1/2/2026 9:18
3536,91,0,0,0,0,29.78567505,1/1/2026 21:04,1/1/2026 21:04
1439,39,0,0,0,0,54.50864792,1/1/2026 20:00,1/1/2026 20:00
1866,27,8,0,1767202525,0,0.783926547,1/1/2026 21:06,1/1/2026 21:05
5020,27,7,0,1767319383,0,0.033377156,1/2/2026 8:03,1/2/2026 8:03
3255,27,7,0,1767328981,0,36.24343872,1/2/2026 11:58,1/2/2026 11:58
515,27,8,0,1767271809,0,0.000457005,1/1/2026 18:50,1/1/2026 18:50
4317,42,0,0,0,0,33.55605698,1/1/2026 5:23,1/1/2026 5:22
2059,27,9,0,1767326650,0,0.817013025,1/2/2026 12:01,1/2/2026 12:01
5591,27,7,0,1767264438,3,0,1/1/2026 16:47,1/1/2026 16:47
2751,89,25,0,1767180455,0,24.83958054,1/2/2026 8:22,1/2/2026 8:22
5569,26,0,0,1767250443,2,0,1/1/2026 14:52,1/1/2026 14:52
4457,27,7,0,1767262881,0,34.89732742,1/1/2026 21:15,1/1/2026 21:15
3467,42,0,0,0,0,22.16600418,1/1/2026 9:51,1/1/2026 9:51
1580,35,0,0,0,0,53.16213989,1/2/2026 2:29,1/2/2026 2:28
958,27,7,0,1767263407,0,3077.736816,1/1/2026 19:54,1/1/2026 19:54
4770,42,0,0,0,0,34.04941177,1/2/2026 9:46,1/2/2026 9:46
2998,27,9,0,1767262766,0,0.008288409,1/1/2026 16:19,1/1/2026 16:19
1598,39,0,0,0,0,53.76260757,1/1/2026 22:11,1/1/2026 22:11
5619,27,9,0,1767261735,3,0,1/1/2026 16:02,1/1/2026 16:02
4225,42,0,0,0,0,25.91978836,1/1/2026 19:38,1/1/2026 19:38
2690,27,8,0,1767255108,0,19.2519455,1/2/2026 6:10,1/2/2026 6:10
1242,27,8,0,1767279038,0,0.000448489,1/1/2026 20:51,1/1/2026 20:50
