RmsStationId,NodeId,TenantId,TagId,LogType,LogSubType,MobileNumber,LogIntValue,LogFloatValue,ServerTime,LogTime
5447,40,0,0,1,2,1767204000,3,0,1/1/2026 0:00,12/31/2025 23:59
5888,45,0,0,1,2,1767204000,3,0,1/1/2026 0:00,12/31/2025 23:59
6428,45,0,0,1,2,1767203926,2,0,1/1/2026 0:00,12/31/2025 23:59
7258,27,9,0,2,1,1767182390,0,1.132264256,1/1/2026 0:00,12/31/2025 23:59
253,27,7,0,2,2,1767055286,0,1425.677368,1/1/2026 0:00,12/31/2025 23:59
493,27,8,0,2,2,1766814818,0,1684.756348,1/1/2026 0:00,12/31/2025 23:59
630,27,8,0,2,2,1767201766,0,1391.121826,1/1/2026 0:00,12/31/2026 23:59
5769,27,8,0,2,2,1767176291,0,1524.978882,1/1/2026 0:00,12/31/2025 23:59
253,27,7,0,2,3,1767055286,0,26.94764328,1/1/2026 0:00,12/31/2025 23:59
493,27,8,0,2,3,1766814818,0,31.29076004,1/1/2026 0:00,12/31/2025 23:59
630,27,8,0,2,3,1767201766,0,27.43021202,1/1/2026 0:00,12/31/2025 23:59
5769,27,8,0,2,3,1767176291,0,29.33508873,1/1/2026 0:00,12/31/2026 23:59
2199,27,8,0,2,4,1767204000,3,4116,1/1/2026 0:00,1/1/2026 0:00
2318,27,9,0,2,4,1767203980,2,1955,1/1/2026 0:00,12/31/2025 23:59
2462,27,9,0,2,4,1767204000,3,0,1/1/2026 0:00,12/31/2025 23:59
3459,89,25,0,2,4,1767203679,2,1942,1/1/2026 0:00,12/31/2025 23:59
4797,27,7,0,2,4,1767204000,3,0,1/1/2026 0:00,12/31/2025 23:59
5514,27,7,0,2,4,1767203961,2,0,1/1/2026 0:00,12/31/2025 23:59
5729,27,7,0,2,4,1767203174,2,0,1/1/2026 0:00,1/1/2026 0:00
6222,27,7,0,2,4,1767203963,2,0,1/1/2026 0:00,12/31/2025 23:59
6223,27,7,0,2,4,1767204000,3,0,1/1/2026 0:00,12/31/2025 23:59
6970,27,7,0,2,4,1767204000,3,0,1/1/2026 0:00,12/31/2025 23:59
2318,27,9,0,2,6,1767203980,0,0.010893678,1/1/2026 0:00,12/31/2025 23:59
3459,89,25,0,2,6,1767203679,0,9.439267963,1/1/2026 0:00,12/31/2025 23:59
5514,27,7,0,2,6,1767203961,0,0.032398097,1/1/2026 0:00,12/31/2025 23:59
5729,27,7,0,2,6,1767203174,0,0.745509923,1/1/2026 0:00,1/1/2026 0:00
6222,27,7,0,2,6,1767203963,0,0.033839852,1/1/2026 0:00,12/31/2026 23:59
2318,27,9,0,2,7,1767203980,0,0.000198391,1/1/2026 0:00,12/31/2025 23:59
3459,89,25,0,2,7,1767203679,0,0.012817104,1/1/2026 0:00,12/31/2025 23:59
5514,27,7,0,2,7,1767203961,0,0.001770115,1/1/2026 0:00,12/31/2025 23:59
5729,27,7,0,2,7,1767203174,0,0.059295885,1/1/2026 0:00,1/1/2026 0:00
6222,27,7,0,2,7,1767203963,0,0.000530149,1/1/2026 0:00,12/31/2025 23:59
1777,42,0,0,4,1,0,0,23.17416191,1/1/2026 0:00,12/31/2025 23:59
1835,42,0,0,4,1,0,0,21.69409943,1/1/2026 0:00,12/31/2025 23:59
5255,42,0,0,4,1,0,0,24.56842613,1/1/2026 0:00,12/31/2025 23:59
1777,35,0,0,5,1,0,0,2976.634216,1/1/2026 0:00,12/31/2025 23:59
1835,35,0,0,5,1,0,0,61.76809692,1/1/2026 0:00,12/31/2025 23:59
5255,35,0,0,5,1,0,0,54.08529663,1/1/2026 0:00,12/31/2025 23:59
1151,39,0,0,6,1,0,0,50.2228775,1/1/2026 0:00,12/31/2025 23:59
3519,90,0,0,6,1,0,0,54.20705795,1/1/2026 0:00,12/31/2025 23:59
5638,39,0,0,6,1,0,0,52.5562439,1/1/2026 0:00,12/31/2025 23:59
5761,39,0,0,6,1,0,0,53.84197617,1/1/2026 0:00,12/31/2025 23:59
375,45,7,0,1,2,1767204001,3,0,1/1/2026 0:00,12/31/2025 23:59
2741,26,0,0,1,2,1767204001,3,0,1/1/2026 9:59,12/31/2025 23:59
3728,104,0,0,1,2,1767203993,2,0,1/1/2026 0:00,12/31/2025 23:59
4171,26,0,0,1,2,1767203900,2,0,1/1/2026 0:00,1/1/2026 0:00
5211,43,0,0,1,2,1767204001,3,0,1/1/2026 0:00,12/31/2025 23:59
292,27,7,0,2,1,1766821839,0,0.842961252,1/1/2026 0:00,12/31/2025 23:59
4303,27,9,0,2,1,1766802397,0,1.040390491,1/1/2026 0:00,12/31/2025 23:59
5890,27,7,0,2,1,1766829406,0,2.148231745,1/1/2026 0:00,12/31/2025 23:59
6592,27,7,0,2,1,1766298142,0,0.84552002,1/1/2026 0:00,1/1/2026 0:00
292,27,7,0,2,2,1766821839,0,1970.563232,1/1/2026 0:00,12/31/2025 23:59
1763,27,7,0,2,2,1767165364,0,1918.361328,1/1/2026 0:00,12/31/2025 23:59
2419,27,7,0,2,2,1767178190,0,1735.519775,1/1/2026 0:00,1/1/2026 0:00
2490,27,7,0,2,2,1767181865,0,1349.422852,1/1/2026 0:00,12/31/2025 23:59
5835,27,7,0,2,2,1766171849,0,1268.168823,1/1/2026 0:00,12/31/2025 23:59
292,27,7,0,2,3,1766821839,0,36.59901428,1/1/2026 0:00,12/31/2025 23:59
1763,27,7,0,2,3,1767165364,0,35.60847855,1/1/2026 0:00,12/31/2026 23:59
2419,27,7,0,2,3,1767178190,0,32.20510101,1/1/2026 0:00,1/1/2026 0:00
2490,27,7,0,2,3,1767181865,0,26.10949898,1/1/2026 0:00,12/31/2025 23:59
5835,27,7,0,2,3,1766171849,0,23.51886749,1/1/2026 0:00,12/31/2025 23:59
2203,27,8,0,2,4,1767203707,2,1903,1/1/2026 0:00,12/31/2025 23:59
3179,89,25,0,2,4,1767204001,3,2416,1/1/2026 0:00,12/31/2025 23:59
4247,27,9,0,2,4,1767204001,3,0,1/1/2026 0:00,12/31/2025 23:59
4832,27,7,0,2,4,1767203878,2,0,1/1/2026 0:00,12/31/2025 23:59
4953,27,7,0,2,4,1767203990,2,0,1/1/2026 0:00,1/1/2026 0:00
5427,27,7,0,2,4,1767204001,3,0,1/1/2026 0:00,12/31/2025 23:59
5516,27,7,0,2,4,1767204001,3,0,1/1/2026 0:00,12/31/2025 23:59
5989,27,7,0,2,4,1767204001,3,0,1/1/2026 0:00,12/31/2025 23:59
6252,27,7,0,2,4,1767203953,2,0,1/1/2026 0:00,12/31/2025 23:59
6596,27,9,0,2,4,1767204001,3,0,1/1/2026 0:00,12/31/2025 23:59
7280,27,9,0,2,4,1767203983,2,0,1/1/2026 0:00,12/31/2025 23:59
2203,27,8,0,2,6,1767203707,0,8.651263267,1/1/2026 0:00,12/31/2025 23:59
4832,27,7,0,2,6,1767203878,0,0.105813406,1/1/2026 0:00,12/31/2025 23:59
4953,27,7,0,2,6,1767203990,0,0.009854661,1/1/2026 0:00,1/1/2026 0:00
6252,27,7,0,2,6,1767203953,0,0.039863806,1/1/2026 0:00,12/31/2025 23:59
7280,27,9,0,2,6,1767203983,0,0.015045002,1/1/2026 0:00,12/31/2025 23:59
2203,27,8,0,2,7,1767203707,0,0.012053372,1/1/2026 0:00,12/31/2025 23:59
4832,27,7,0,2,7,1767203878,0,0.005252886,1/1/2026 0:00,12/31/2025 23:59
4953,27,7,0,2,7,1767203990,0,6.69E-05,1/1/2026 0:00,1/1/2026 0:00
6252,27,7,0,2,7,1767203953,0,0.001564274,1/1/2026 0:00,12/31/2025 23:59
7280,27,9,0,2,7,1767203983,0,0.000722398,1/1/2026 0:00,12/31/2025 23:59
488,42,0,0,4,1,0,0,27.2282486,1/1/2026 0:00,12/31/2025 23:59
973,42,0,0,4,1,0,0,25.35135651,1/1/2026 0:00,12/31/2025 23:59
1325,42,0,0,4,1,0,0,28.55816078,1/1/2026 0:00,12/31/2025 23:59
5509,42,0,0,4,1,0,0,26.84214592,1/1/2026 0:00,12/31/2025 23:59
6091,42,0,0,4,1,0,0,30.26345253,1/1/2026 0:00,12/31/2025 23:59
488,35,0,0,5,1,0,0,40.58889771,1/1/2026 0:00,12/31/2025 23:59
973,35,0,0,5,1,0,0,2196.147156,1/1/2026 0:00,12/31/2025 23:59
1325,35,0,0,5,1,0,0,43.67880249,1/1/2026 0:00,12/31/2025 23:59
5509,35,0,0,5,1,0,0,47.53927612,1/1/2026 0:00,12/31/2025 23:59
6091,35,0,0,5,1,0,0,36.53005981,1/1/2026 0:00,12/31/2025 23:59
202,39,0,0,6,1,0,0,53.77848053,1/1/2026 0:00,12/31/2025 23:59
2516,119,0,0,6,1,0,0,54.06419754,1/1/2026 0:00,12/31/2025 23:59
3873,39,0,0,6,1,0,0,53.87372208,1/1/2026 0:00,1/1/2026 0:00
3945,90,0,0,6,1,0,0,54.09594727,1/1/2026 0:00,12/31/2025 23:59
3297,45,9,0,1,2,1767204002,3,0,1/1/2026 0:00,1/1/2026 0:00
5453,45,0,0,1,2,1767203928,2,0,1/1/2026 0:00,12/31/2025 23:59
7487,45,0,0,1,2,1767203928,2,0,1/1/2027 10:00,1/1/2027 0:00
3360,89,25,0,2,1,1767193197,0,0.491840273,1/1/2026 0:00,1/1/2026 0:00
603,27,7,0,2,2,1767159034,0,2391.130127,1/1/2026 0:00,12/31/2025 23:59
603,27,7,0,2,3,1767159034,0,44.37090683,1/1/2026 0:00,12/31/2025 23:59
144,27,7,0,2,4,1767203984,2,2124,1/1/2026 0:00,1/1/2026 0:00
423,27,7,0,2,4,1767204002,3,3253,1/1/2026 0:00,12/31/2025 23:59
1165,27,8,0,2,4,1767204002,3,2643,1/1/2026 0:00,1/1/2026 0:00
1931,27,8,0,2,4,1767203987,2,1688,1/1/2026 0:00,1/1/2026 0:00
2698,89,25,0,2,4,1767204002,3,2118,1/1/2026 0:00,12/31/2025 23:59
3653,89,25,0,2,4,1767204002,3,2101,1/1/2026 0:00,12/31/2025 23:59
4106,27,9,0,2,4,1767198810,2,0,1/1/2026 0:00,12/31/2025 23:59
4342,27,9,0,2,4,1767203969,2,0,1/1/2026 0:00,12/31/2025 23:59
4961,27,7,0,2,4,1767204002,3,0,1/1/2026 0:00,1/1/2026 0:00
5047,27,7,0,2,4,1767204002,3,0,1/1/2026 0:00,1/1/2026 0:00
6373,27,7,0,2,4,1767203983,2,0,1/1/2026 0:00,1/1/2026 0:00
6377,27,7,0,2,4,1767203911,2,0,1/1/2026 0:00,1/1/2026 0:00
144,27,7,0,2,6,1767203984,0,0.014248897,1/1/2026 0:00,1/1/2026 0:00
1931,27,8,0,2,6,1767203987,0,0.008344719,1/1/2026 0:00,1/1/2026 0:00
4106,27,9,0,2,6,1767198810,0,0.986873925,1/1/2026 0:00,12/31/2025 23:59
4342,27,9,0,2,6,1767203969,0,1.135642547,1/1/2026 0:00,12/31/2025 23:59
6373,27,7,0,2,6,1767203983,0,0.015425671,1/1/2026 0:00,1/1/2026 0:00
6377,27,7,0,2,6,1767203911,0,0.080592722,1/1/2026 10:00,1/1/2026 0:00
144,27,7,0,2,7,1767203984,0,0.000348071,1/1/2026 0:00,1/1/2026 0:00
1931,27,8,0,2,7,1767203987,0,0.000255492,1/1/2026 0:00,1/1/2026 0:00
4106,27,9,0,2,7,1767198810,0,0.107667871,1/1/2026 0:00,12/31/2025 23:59
4342,27,9,0,2,7,1767203969,0,0.000845981,1/1/2026 0:00,12/31/2025 23:59
6373,27,7,0,2,7,1767203983,0,0.000151364,1/1/2026 0:00,1/1/2026 0:00
6377,27,7,0,2,7,1767203911,0,0.005803741,1/1/2026 0:00,1/1/2026 0:00
2212,42,0,0,4,1,0,0,23.45301437,1/1/2026 0:00,1/1/2026 0:00
3394,92,0,0,4,1,0,0,28.68686295,1/1/2026 0:00,1/1/2026 0:00
7405,42,0,0,4,1,0,0,28.35438538,1/1/2026 0:00,1/1/2026 0:00
1217,35,0,0,5,1,0,0,46.33383179,1/1/2026 0:00,1/1/2026 0:00
2212,35,0,0,5,1,0,0,53.49783325,1/1/2026 0:00,1/1/2026 0:00
3394,91,0,0,5,1,0,0,43.90768433,1/1/2026 0:00,1/1/2026 0:00
7405,35,0,0,5,1,0,0,48.59213257,1/1/2026 0:00,1/1/2026 0:00
320,39,0,0,6,1,0,0,54.22293091,1/1/2026 0:00,12/31/2025 23:59
1507,39,0,0,6,1,0,0,54.08007431,1/1/2026 0:00,12/31/2025 23:59
1687,39,0,0,6,1,0,0,54.20705795,1/1/2026 0:00,12/31/2025 23:59
6122,39,0,0,6,1,0,0,54.52452469,1/1/2026 0:00,12/31/2025 23:59
1451,45,7,0,1,2,1767203970,2,0,1/1/2026 0:00,1/1/2026 0:00
7328,45,0,0,1,2,1767203988,2,0,1/1/2026 0:00,1/1/2026 0:00
7557,30,9,0,1,2,1767201463,2,0,1/1/2026 0:00,1/1/2026 0:00
2062,27,7,0,2,1,1767167985,0,2.133098364,1/1/2026 0:00,1/1/2026 0:00
3357,89,25,0,2,1,1767193197,0,1.070506334,1/1/2026 0:00,1/1/2026 0:00
5300,27,7,0,2,1,1767090544,0,0.853048384,1/1/2026 0:00,1/1/2026 0:00
319,27,7,0,2,2,1767159048,0,1469.381226,1/1/2026 0:00,1/1/2026 0:00
2760,27,9,0,2,2,1767181806,0,1224.361328,1/1/2026 0:00,1/1/2026 0:00
4491,27,7,0,2,2,1767115231,0,3040.370117,1/1/2026 0:00,1/1/2026 0:00
7048,27,7,0,2,2,1767189159,0,3699.281006,1/1/2026 0:00,1/1/2026 0:00
319,27,7,0,2,3,1767159048,0,27.37941551,1/1/2026 0:00,1/1/2026 0:00
2760,27,9,0,2,3,1767181806,0,1158.164501,1/1/2026 0:00,1/1/2026 0:00
4491,27,7,0,2,3,1767115231,0,56.43512344,1/1/2026 0:00,1/1/2026 0:00
7048,27,7,0,2,3,1767189159,0,68.14376068,1/1/2026 0:00,1/1/2026 0:00
370,27,7,0,2,4,1767204003,3,2759,1/1/2026 0:00,1/1/2026 0:00
1051,27,7,0,2,4,1767204003,3,3301,1/1/2026 0:00,12/31/2025 23:59
1625,27,8,0,2,4,1767204003,3,2721,1/1/2026 0:00,1/1/2026 0:00
2216,27,9,0,2,4,1767204003,3,2022,1/1/2026 0:00,1/1/2026 0:00
2556,27,8,0,2,4,1767203676,2,1784,1/1/2026 10:00,1/1/2026 0:00
5235,27,7,0,2,4,1767204003,3,0,1/1/2026 0:00,1/1/2026 0:01
5706,27,7,0,2,4,1767204003,3,0,1/1/2026 0:00,1/1/2026 0:00
5711,27,7,0,2,4,1767204003,3,0,1/1/2026 0:00,1/1/2026 0:00
6078,27,7,0,2,4,1767203906,2,0,1/1/2026 0:00,1/1/2026 0:03
2556,27,8,0,2,6,1767203676,0,0.191547602,1/1/2026 0:00,1/1/2026 0:00
6078,27,7,0,2,6,1767203906,0,0.08976955,1/1/2026 0:00,1/1/2026 0:03
2556,27,8,0,2,7,1767203676,0,0.013011603,1/1/2026 0:00,1/1/2026 0:00
6078,27,7,0,2,7,1767203906,0,0.006131248,1/1/2026 0:00,1/1/2026 0:03
7557,27,9,0,2,8,1767201463,2,0,1/1/2026 0:00,1/1/2026 0:00
1201,42,0,0,4,1,0,0,22.06947708,1/1/2026 0:00,1/1/2026 0:00
1217,42,0,0,4,1,0,0,26.28444099,1/1/2026 0:00,1/1/2026 0:00
2061,42,0,0,4,1,0,0,25.2977314,1/1/2026 0:00,1/1/2026 0:00
3037,92,0,0,4,1,0,0,27.56072807,1/1/2026 0:00,1/1/2026 0:00
3144,42,0,0,4,1,0,0,22.19817924,1/1/2026 0:00,1/1/2026 0:00
3180,92,0,0,4,1,0,0,29.61994553,1/1/2026 0:00,1/1/2026 0:00
7211,42,0,0,4,1,0,0,26.89577103,1/1/2026 0:00,1/1/2026 0:00
1201,35,0,0,5,1,0,0,63.63729858,1/1/2026 0:00,1/1/2026 0:00
2061,35,0,0,5,1,0,0,49.99594116,1/1/2026 0:00,1/1/2026 0:00
3037,91,0,0,5,1,0,0,45.68533325,1/1/2026 0:00,1/1/2026 0:00
3144,35,0,0,5,1,0,0,57.80081177,1/1/2026 0:00,1/1/2026 0:00
3180,91,0,0,5,1,0,0,41.9850769,1/1/2026 0:00,1/1/2026 0:00
7211,35,0,0,5,1,0,0,48.5539856,1/1/2026 0:00,1/1/2026 0:00
113,39,0,0,6,1,0,0,54.03245163,1/1/2026 0:00,1/1/2026 0:00
513,39,0,0,6,1,0,0,54.08007431,1/1/2026 0:00,1/1/2026 0:00
1262,39,0,0,6,1,0,0,54.11182022,1/1/2026 0:00,1/1/2026 0:00
1367,39,0,0,6,1,0,0,54.23880386,1/1/2026 0:00,1/1/2026 0:00
1501,39,0,0,6,1,0,0,53.95308685,1/1/2026 0:00,1/1/2026 0:00
3270,90,0,0,6,1,0,0,52.20703125,1/1/2026 0:00,1/1/2026 0:00
6688,39,0,0,6,1,0,0,53.38164902,1/1/2026 0:00,1/1/2026 0:00
280,46,7,0,1,2,1767204004,3,0,1/1/2026 0:00,1/1/2026 0:05
723,46,7,0,1,2,1767203973,2,0,1/1/2026 0:00,1/1/2026 0:00
901,45,8,0,1,2,1767204004,3,0,1/1/2026 0:00,1/1/2026 0:00
4727,45,0,0,1,2,1767203709,2,0,1/1/2026 0:00,1/1/2026 0:00
2203,27,8,0,2,1,1767193197,0,1.010560274,1/1/2026 0:00,1/1/2026 0:00
2934,89,25,0,2,1,1767182394,0,1.250479698,1/1/2026 0:00,1/1/2026 0:00
4334,27,7,0,2,1,1767182393,0,1.145570278,1/1/2026 0:00,1/1/2026 0:00
4616,27,7,0,2,1,1767166184,0,0.896752834,1/1/2026 0:00,1/1/2026 0:00
7226,27,9,0,2,1,1767193199,0,0.667741716,1/1/2026 0:00,1/1/2026 0:00
1720,27,7,0,2,2,1767191515,0,2353.978516,1/1/2026 0:00,1/1/2026 0:00
3417,27,9,0,2,2,1766994209,0,58474.26758,1/1/2026 0:00,1/1/2026 0:00
5559,27,7,0,2,2,1767023464,0,2543.683594,1/1/2026 0:00,1/1/2026 0:00
1720,27,7,0,2,3,1767191515,0,2125.841522,1/1/2026 0:00,1/1/2026 0:00
3417,27,9,0,2,3,1766994209,0,21.81717873,1/1/2026 0:00,1/1/2027 0:00
5559,27,7,0,2,3,1767023464,0,47.06313324,1/1/2026 0:00,1/1/2027 0:00
1519,27,8,0,2,4,1767203548,2,1968,1/1/2026 0:00,1/1/2026 0:00
2402,27,8,0,2,4,1767204004,3,2245,1/1/2026 0:00,1/1/2026 0:00
3386,89,25,0,2,4,1767204004,3,2092,1/1/2026 0:00,1/1/2026 0:00
3849,89,25,0,2,4,1767204004,3,2300,1/1/2026 0:00,1/1/2026 0:00
4853,27,9,0,2,4,1767203857,2,0,1/1/2026 0:00,1/1/2026 0:00
6404,27,7,0,2,4,1767204004,3,0,1/1/2026 0:00,1/1/2026 0:00
6681,27,7,0,2,4,1767203995,2,0,1/1/2026 0:00,1/1/2026 0:00
1519,27,8,0,2,6,1767203548,0,0.266233563,1/1/2026 0:00,1/1/2026 0:00
4853,27,9,0,2,6,1767203857,0,0.082017601,1/1/2026 0:00,1/1/2026 0:00
6681,27,7,0,2,6,1767203995,0,0.006949695,1/1/2026 0:00,1/1/2026 0:00
1519,27,8,0,2,7,1767203548,0,0.015798297,1/1/2026 0:00,1/1/2026 0:00
4853,27,9,0,2,7,1767203857,0,0.001981132,1/1/2026 10:00,1/1/2026 0:00
6681,27,7,0,2,7,1767203995,0,0.000112949,1/1/2026 0:00,1/1/2026 0:00
771,42,0,0,4,1,0,0,24.52552414,1/1/2026 0:00,1/1/2026 0:00
3446,92,0,0,4,1,0,0,25.74818611,1/1/2026 0:00,1/1/2026 0:00
5691,42,0,0,4,1,0,0,28.47236061,1/1/2026 0:00,1/1/2026 0:00
771,35,0,0,5,1,0,0,53.24606323,1/1/2026 0:00,1/1/2026 0:00
3446,91,0,0,5,1,0,0,47.62319946,1/1/2026 0:00,1/1/2026 0:00
5691,35,0,0,5,1,0,0,2323.176575,1/1/2026 0:00,1/1/2026 0:00
1835,39,0,0,6,1,0,0,52.98482132,1/1/2026 0:00,1/1/2026 0:00
5255,39,0,0,6,1,0,0,53.8260994,1/1/2026 0:00,1/1/2026 0:00
2813,26,0,0,1,2,1767204005,3,0,1/1/2026 0:00,1/1/2026 0:00
4727,45,0,0,1,2,1767204005,3,0,1/1/2027 10:00,1/1/2027 0:00
5447,40,0,0,1,2,1767204000,2,0,1/1/2026 0:00,1/1/2026 0:00
6542,45,0,0,1,2,1767203931,2,0,1/1/2026 10:00,1/1/2026 0:00
926,27,7,0,2,1,1766980683,0,64.1364336,1/1/2026 0:00,1/1/2026 0:00
3231,89,25,0,2,1,1767198601,0,2.243744612,1/1/2026 0:00,1/1/2026 0:00
3566,89,26,0,2,1,1767198602,0,1.361003399,1/1/2026 0:00,1/1/2026 0:00
5194,27,7,0,2,1,1766935667,0,1.711282969,1/1/2026 0:00,1/1/2026 0:00
6829,27,9,0,2,1,1767148176,0,0.71206522,1/1/2026 0:00,1/1/2026 0:00
3890,89,25,0,2,2,1767166255,0,5604.853027,1/1/2026 0:00,1/1/2026 0:00
5098,27,7,0,2,2,1766833952,0,3018.712646,1/1/2026 0:00,1/1/2026 0:00
3890,89,25,0,2,3,1767166255,0,104.006218,1/1/2026 0:00,1/1/2026 0:00
5098,27,7,0,2,3,1766833952,0,56.23193359,1/1/2026 0:00,1/1/2026 0:00
1214,27,8,0,2,4,1767203921,2,2424,1/1/2026 0:00,1/1/2026 0:00
1260,27,8,0,2,4,1767204005,3,2034,1/1/2026 10:00,1/1/2026 0:00
2020,27,9,0,2,4,1767203951,2,1660,1/1/2026 0:00,1/1/2026 0:00
2237,27,8,0,2,4,1767203978,2,1793,1/1/2026 0:00,1/1/2027 0:00
5329,27,7,0,2,4,1767203944,2,0,1/1/2026 0:00,1/1/2026 0:00
6355,27,7,0,2,4,1767203892,2,0,1/1/2026 0:00,1/1/2026 0:00
6609,27,7,0,2,4,1767204005,3,0,1/1/2026 0:00,1/1/2026 0:00
6767,27,9,0,2,4,1767204005,3,0,1/1/2026 0:00,1/1/2026 0:00
1214,27,8,0,2,6,1767203921,0,0.059633661,1/1/2026 0:00,1/1/2026 0:00
2020,27,9,0,2,6,1767203951,0,0.029790718,1/1/2026 0:00,1/1/2026 0:00
2237,27,8,0,2,6,1767203978,0,0.014738502,1/1/2026 0:00,1/1/2026 0:00
3890,89,25,0,2,6,1745199310,0,2.802139044,1/1/2026 0:00,1/1/2026 0:00
5030,27,8,0,2,6,1767180595,0,1.325453281,1/1/2026 0:00,1/1/2026 0:00
5329,27,7,0,2,6,1767203944,0,0.054115247,1/1/2026 0:00,1/1/2026 0:00
6355,27,7,0,2,6,1767203892,0,4.825583473,1/1/2026 0:00,1/1/2026 0:00
6820,27,8,0,2,6,1767200402,0,1.116371512,1/1/2026 0:00,1/1/2026 0:00
1214,27,8,0,2,7,1767203921,0,0.002384704,1/1/2026 0:00,1/1/2026 0:00
2020,27,9,0,2,7,1767203951,0,0.001165023,1/1/2026 0:00,1/1/2026 0:00
2237,27,8,0,2,7,1767203978,0,0.000299345,1/1/2026 0:00,1/1/2026 0:00
3890,89,25,0,2,7,1745199310,0,1.802139044,1/1/2026 0:00,1/1/2026 0:00
5030,27,8,0,2,7,1767180595,0,0.325496316,1/1/2026 0:00,1/1/2026 0:00
5329,27,7,0,2,7,1767203944,0,0.002099629,1/1/2026 10:00,1/1/2026 0:00
6355,27,7,0,2,7,1767203892,0,0.003311156,1/1/2026 0:00,1/1/2026 0:00
6820,27,8,0,2,7,1767200402,0,0.122243516,1/1/2026 0:00,1/1/2026 0:00
1730,42,0,0,4,1,0,0,22.72370911,1/1/2026 0:00,1/1/2026 0:00
2973,123,0,0,4,1,0,0,29.13731766,1/1/2026 0:00,1/1/2026 0:00
3342,42,0,0,4,1,0,0,27.20679855,1/1/2026 0:00,1/1/2026 0:00
3552,92,0,0,4,1,0,0,1491.186142,1/1/2026 0:00,1/1/2026 0:00
5542,42,0,0,4,1,0,0,25.58730888,1/1/2026 0:00,1/1/2026 0:00
6439,42,0,0,4,1,0,0,32.2797699,1/1/2026 0:00,1/1/2026 0:00
1730,35,0,0,5,1,0,0,65.78115845,1/1/2026 0:00,1/1/2026 0:00
2973,120,0,0,5,1,0,0,22.82003784,1/1/2026 0:00,1/1/2026 0:00
3342,35,0,0,5,1,0,0,46.98995972,1/1/2026 0:00,1/1/2026 0:00
3552,91,0,0,5,1,0,0,38.506073,1/1/2026 0:00,1/1/2026 0:00
5542,35,0,0,5,1,0,0,56.38937378,1/1/2026 0:00,1/1/2026 0:00
6439,35,0,0,5,1,0,0,32.53225708,1/1/2026 0:00,1/1/2026 0:00
488,39,0,0,6,1,0,0,53.5721283,1/1/2026 0:00,1/1/2026 0:00
973,39,0,0,6,1,0,0,2707.178307,1/1/2026 0:00,1/1/2026 0:00
1777,39,0,0,6,1,0,0,53.98483276,1/1/2026 0:00,1/1/2026 0:00
1606,26,0,0,1,2,1767204006,3,0,1/1/2026 0:00,1/1/2026 0:00
3297,45,9,0,1,2,1767204002,2,0,1/1/2026 0:00,1/1/2026 0:00
4195,40,0,0,1,2,1767204006,3,0,1/1/2026 0:00,1/1/2026 0:00
6840,45,0,0,1,2,1767203933,2,0,1/1/2026 0:00,1/1/2026 0:00
1347,27,7,0,2,1,1767148177,0,0.775355577,1/1/2026 0:00,1/1/2026 0:00
1428,27,7,0,2,1,1767148176,0,1.003322601,1/1/2026 10:00,1/1/2026 0:00
3893,89,25,0,2,1,1767166184,0,0.885891736,1/1/2026 0:00,1/1/2026 0:00
943,27,7,0,2,2,1767193673,0,1262.967407,1/1/2026 0:00,1/1/2026 0:00
1121,27,7,0,2,2,1766572797,0,2560.521973,1/1/2026 0:00,1/1/2026 0:00
1272,27,7,0,2,2,1767170604,0,2107.217041,1/1/2026 0:00,1/1/2026 0:00
1494,27,7,0,2,2,1767094347,0,1565.172485,1/1/2026 0:00,1/1/2026 0:00
6019,27,9,0,2,2,1767017910,0,1971.065552,1/1/2026 0:00,1/1/2026 0:00
943,27,7,0,2,3,1767193673,0,23.16329002,1/1/2026 0:00,1/1/2026 0:00
1121,27,7,0,2,3,1766572797,0,47.139328,1/1/2026 0:00,1/1/2026 0:00
1272,27,7,0,2,3,1767170604,0,38.88486481,1/1/2026 0:00,1/1/2026 0:00
1494,27,7,0,2,3,1767094347,0,29.23349571,1/1/2026 0:00,1/1/2026 0:00
6019,27,9,0,2,3,1767017910,0,37.64034653,1/1/2026 0:00,1/1/2026 0:00
580,27,7,0,2,4,1767204006,3,3002,1/1/2026 0:00,1/1/2026 0:00
1787,27,8,0,2,4,1767203861,2,0,1/1/2026 0:00,1/1/2026 0:00
2298,27,8,0,2,4,1767204006,3,2518,1/1/2026 10:00,1/1/2026 0:00
2814,27,8,0,2,4,1767203761,2,1741,1/1/2026 0:00,1/1/2026 0:00
2907,27,9,0,2,4,1767203994,2,1445,1/1/2026 10:00,1/1/2026 0:00
2960,27,8,0,2,4,1767203769,2,1919,1/1/2026 0:00,1/1/2027 0:00
3319,89,25,0,2,4,1767203735,2,0,1/1/2026 0:00,1/1/2026 0:00
3459,89,25,0,2,4,1767204006,3,2400,1/1/2026 0:00,1/1/2027 0:00
5742,27,7,0,2,4,1767204006,3,0,1/1/2026 0:00,1/1/2026 0:00
5748,27,7,0,2,4,1767204006,3,0,1/1/2026 0:00,1/1/2026 0:00
1787,27,8,0,2,6,1767203861,0,0.084086217,1/1/2026 0:00,1/1/2027 0:00
2814,27,8,0,2,6,1767203761,0,0.143843442,1/1/2026 0:00,1/1/2026 0:00
2907,27,9,0,2,6,1767203994,0,0.00581972,1/1/2027 10:00,1/1/2027 0:00
2960,27,8,0,2,6,1767203769,0,0.134092644,1/1/2026 0:00,1/1/2026 0:00
3319,89,25,0,2,6,1767203735,0,0.161812559,1/1/2026 0:00,1/1/2026 0:00
1787,27,8,0,2,7,1767203861,0,0.004866719,1/1/2026 0:00,1/1/2026 0:00
2814,27,8,0,2,7,1767203761,0,0.008877834,1/1/2026 0:00,1/1/2026 0:00
2907,27,9,0,2,7,1767203994,0,9.66E-05,1/1/2026 0:00,1/1/2026 0:00
2960,27,8,0,2,7,1767203769,0,0.004283968,1/1/2026 0:00,1/1/2026 0:00
3319,89,25,0,2,7,1767203735,0,0.013225764,1/1/2026 0:00,1/1/2026 0:00
236,42,0,0,4,1,0,0,30.40287781,1/1/2026 0:00,1/1/2026 0:00
331,42,0,0,4,1,0,0,27.56072807,1/1/2026 10:00,1/1/2026 0:00
3920,92,0,0,4,1,0,0,26.52039337,1/1/2026 0:00,1/1/2026 0:00
5173,42,0,0,4,1,0,0,24.8043766,1/1/2026 0:00,1/1/2026 0:00
7374,42,0,0,4,1,0,0,22.63790703,1/1/2026 0:00,1/1/2026 0:00
236,35,0,0,5,1,0,0,37.70498657,1/1/2026 0:00,1/1/2026 0:00
331,35,0,0,5,1,0,0,43.97634888,1/1/2026 0:00,1/1/2026 0:00
3920,91,0,0,5,1,0,0,45.48696899,1/1/2026 0:00,1/1/2026 0:00
5173,35,0,0,5,1,0,0,52.3152771,1/1/2026 0:00,1/1/2026 0:00
7374,35,0,0,5,1,0,0,56.67166138,1/1/2026 10:00,1/1/2026 0:00
1325,39,0,0,6,1,0,0,53.74673462,1/1/2026 0:00,1/1/2026 0:00
5509,39,0,0,6,1,0,0,54.27054977,1/1/2026 0:00,1/1/2026 0:00
6091,39,0,0,6,1,0,0,54.46102905,1/1/2026 0:00,1/1/2026 0:00
4475,40,0,0,1,2,1767204007,3,0,1/1/2026 0:00,1/1/2026 0:00
6166,45,0,0,1,2,1767203935,2,0,1/1/2026 0:00,1/1/2026 0:00
7328,45,0,0,1,2,1767204007,3,0,1/1/2026 0:00,1/1/2026 0:00
0,178,9,0,1,2,1767201514,2,0,1/1/2026 0:00,1/1/2027 0:00
4024,27,9,0,2,1,1767148177,0,1.12541151,1/1/2026 0:00,1/1/2026 0:00
6625,27,8,0,2,1,1767076140,0,0.678344011,1/1/2026 0:00,1/1/2026 0:00
1646,27,7,0,2,2,1767183059,0,1447.089233,1/1/2026 0:00,1/1/2026 0:00
1744,27,7,0,2,2,1767047800,0,101897.6379,1/1/2026 0:00,1/1/2026 0:00
1786,27,8,0,2,2,1767175096,0,1809.198608,1/1/2026 0:00,1/1/2026 0:00
2459,27,8,0,2,2,1767082201,0,1291.544067,1/1/2026 10:00,1/1/2026 0:00
3253,27,9,0,2,2,1767175781,0,1626.669189,1/1/2026 0:00,1/1/2026 0:00
4034,89,25,0,2,2,1767175670,0,13.67093849,1/1/2026 0:00,1/1/2026 0:00
1646,27,7,0,2,3,1767183059,0,26.71905899,1/1/2026 0:00,1/1/2026 0:00
1744,27,7,0,2,3,1767047800,0,36.59901428,1/1/2026 0:00,1/1/2026 0:00
1786,27,8,0,2,3,1767175096,0,33.60200882,1/1/2026 0:00,1/1/2026 0:00
2459,27,8,0,2,3,1767082201,0,23.79824829,1/1/2026 0:00,1/1/2026 0:00
2817,27,7,0,2,3,1767090018,0,1730.897141,1/1/2026 0:00,1/1/2026 0:00
3253,27,9,0,2,3,1767175781,0,30.55420876,1/1/2026 0:00,1/1/2026 0:00
4034,89,25,0,2,3,1767175670,0,0.253983438,1/1/2026 0:00,1/1/2026 0:00
160,27,7,0,2,4,1767203998,2,2725,1/1/2026 0:00,1/1/2026 0:00
1497,27,8,0,2,4,1767203963,2,1875,1/1/2026 0:00,1/1/2026 0:00
2723,89,25,0,2,4,1767203977,2,1848,1/1/2026 0:00,1/1/2026 0:00
3257,27,8,0,2,4,1767203939,2,1838,1/1/2026 0:00,1/1/2026 0:00
3888,89,25,0,2,4,1767203936,2,1804,1/1/2026 0:00,1/1/2026 0:00
4043,27,8,0,2,4,1767203956,2,0,1/1/2026 0:00,1/1/2026 0:00
4247,27,9,0,2,4,1767204001,2,0,1/1/2026 0:00,1/1/2026 0:00
4498,27,7,0,2,4,1767204007,3,0,1/1/2026 0:00,1/1/2026 0:00
4726,27,7,0,2,4,1767203999,2,0,1/1/2026 0:00,1/1/2027 0:00
5249,27,7,0,2,4,1767203978,2,0,1/1/2026 0:00,1/1/2026 0:00
6215,27,9,0,2,4,1767203997,2,0,1/1/2026 0:00,1/1/2026 0:00
6331,27,7,0,2,4,1767203971,2,0,1/1/2026 0:00,1/1/2026 0:00
7282,27,7,0,2,4,1767204007,3,0,1/1/2026 0:00,1/1/2026 0:00
160,27,7,0,2,6,1767203998,0,0.007263599,1/1/2026 0:00,1/1/2026 0:00
1138,27,7,0,2,6,1767180594,0,1.812944889,1/1/2026 0:00,1/1/2026 0:00
1497,27,8,0,2,6,1767203963,0,0.024648968,1/1/2026 0:00,1/1/2026 0:00
2723,89,25,0,2,6,1767203977,0,0.016071318,1/1/2026 0:00,1/1/2026 0:00
3257,27,8,0,2,6,1767203939,0,0.037358828,1/1/2026 0:00,1/1/2027 0:00
3888,89,25,0,2,6,1767203936,0,0.040014729,1/1/2026 0:00,1/1/2026 0:00
4043,27,8,0,2,6,1767203956,0,0.02907954,1/1/2026 0:00,1/1/2026 0:00
4247,27,9,0,2,6,1767204001,0,0.003215353,1/1/2026 0:00,1/1/2026 0:00
4726,27,7,0,2,6,1767203999,0,0.006405938,1/1/2026 0:00,1/1/2026 0:00
5249,27,7,0,2,6,1767203978,0,0.026896188,1/1/2026 0:00,1/1/2026 0:00
6215,27,9,0,2,6,1767203997,0,0.005541563,1/1/2026 0:00,1/1/2026 0:00
6331,27,7,0,2,6,1767203971,0,0.030941037,1/1/2026 0:00,1/1/2026 0:00
160,27,7,0,2,7,1767203998,0,0.000125942,1/1/2026 0:00,1/1/2027 0:00
1138,27,7,0,2,7,1767180594,0,0.312377214,1/1/2026 0:00,1/1/2027 0:00
1497,27,8,0,2,7,1767203963,0,0.000739335,1/1/2026 0:00,1/1/2026 0:00
2723,89,25,0,2,7,1767203977,0,0.000165308,1/1/2026 0:00,1/1/2026 0:00
3257,27,8,0,2,7,1767203939,0,0.000888396,1/1/2026 0:00,1/1/2026 0:00
3888,89,25,0,2,7,1767203936,0,0.001792157,1/1/2026 0:00,1/1/2026 0:00
4043,27,8,0,2,7,1767203956,0,0.001282906,1/1/2026 0:00,1/1/2026 0:00
4247,27,9,0,2,7,1767204001,0,0,1/1/2026 0:00,1/1/2026 0:00
4726,27,7,0,2,7,1767203999,0,8.90E-05,1/1/2026 0:00,1/1/2026 0:00
5249,27,7,0,2,7,1767203978,0,0.001380603,1/1/2026 0:00,1/1/2026 0:00
6215,27,9,0,2,7,1767203997,0,9.97E-05,1/1/2026 0:00,1/1/2026 0:00
6331,27,7,0,2,7,1767203971,0,0.001149206,1/1/2026 0:00,1/1/2026 0:00
7316,42,0,0,4,1,0,0,31.48611259,1/1/2026 0:00,1/1/2026 0:00
7316,35,0,0,5,1,0,0,39.42160034,1/1/2026 0:00,1/1/2026 0:00
1217,39,0,0,6,1,0,0,52.87370682,1/1/2026 0:00,1/1/2026 0:00
2212,39,0,0,6,1,0,0,50.63558197,1/1/2026 0:00,1/1/2027 0:00
3144,39,0,0,6,1,0,0,53.44514465,1/1/2026 0:00,1/1/2026 0:00
3394,90,0,0,6,1,0,0,2707.971954,1/1/2026 0:00,1/1/2026 0:00
7405,39,0,0,6,1,0,0,53.88959503,1/1/2026 0:00,1/1/2026 0:00
4933,45,0,0,1,2,1767204008,3,0,1/1/2026 0:00,1/1/2026 0:00
5685,40,0,0,1,2,1767204008,3,0,1/1/2026 0:00,1/1/2026 0:00
5921,45,0,0,1,2,1767203935,2,0,1/1/2026 0:00,1/1/2026 0:00
6606,45,0,0,1,2,1767204008,3,0,1/1/2026 0:00,1/1/2026 0:00
6701,30,8,0,1,2,1767204008,3,0,1/1/2026 0:00,1/1/2026 0:00
6974,45,0,0,1,2,1767204008,3,0,1/1/2026 0:00,1/1/2026 0:00
1233,27,7,0,2,1,1766942861,0,0.98654896,1/1/2026 0:00,1/1/2026 0:00
975,27,8,0,2,2,1766735938,0,1383.508301,1/1/2026 0:00,1/1/2026 0:00
1360,27,9,0,2,2,1767163423,0,1688.226685,1/1/2026 0:00,1/1/2026 0:00
3120,89,25,0,2,2,1767158066,0,1493.006836,1/1/2026 0:00,1/1/2026 0:00
3460,89,25,0,2,2,1767183250,0,4122.169922,1/1/2026 0:00,1/1/2026 0:00
4767,27,7,0,2,2,1767171023,0,1909.10083,1/1/2026 0:00,1/1/2026 0:00
5918,27,7,0,2,2,1767163035,0,1499.6604,1/1/2026 0:00,1/1/2027 0:03
975,27,8,0,2,3,1766735938,0,26.13489723,1/1/2026 0:00,1/1/2026 0:00
1360,27,9,0,2,3,1767163423,0,31.06217575,1/1/2026 0:00,1/1/2026 0:00
3120,89,25,0,2,3,1767158066,0,27.43021202,1/1/2026 0:00,1/1/2026 0:00
3460,89,25,0,2,3,1767183250,0,76.24583435,1/1/2026 0:00,1/1/2026 0:00
4767,27,7,0,2,3,1767171023,0,35.40529251,1/1/2026 0:00,1/1/2026 0:00
5918,27,7,0,2,3,1767163035,0,27.836586,1/1/2026 0:00,1/1/2026 0:03
1113,27,8,0,2,4,1767204008,3,2667,1/1/2026 10:00,1/1/2026 0:00
1192,27,8,0,2,4,1767203588,2,1949,1/1/2026 0:00,1/1/2026 0:00
1709,27,9,0,2,4,1767204008,3,0,1/1/2026 0:00,1/1/2026 0:03
2216,27,9,0,2,4,1767204003,2,1941,1/1/2026 0:00,1/1/2026 0:00
2409,27,8,0,2,4,1767203984,2,2216,1/1/2026 0:00,1/1/2026 0:00
2425,27,8,0,2,4,1767202782,2,2998,1/1/2026 0:00,1/1/2026 0:00
2902,27,8,0,2,4,1767203960,2,2387,1/1/2026 0:00,1/1/2026 0:00
4266,27,9,0,2,4,1767203994,2,0,1/1/2026 0:00,1/1/2026 0:00
4491,27,7,0,2,4,1767204008,3,0,1/1/2026 0:00,1/1/2026 0:00
5286,27,7,0,2,4,1767203998,2,0,1/1/2026 0:00,1/1/2026 0:00
6304,27,7,0,2,4,1767203982,2,0,1/1/2026 0:00,1/1/2026 0:00
6970,27,7,0,2,4,1767204000,2,0,1/1/2026 0:00,1/1/2026 0:00
7183,27,9,0,2,4,1767203756,2,0,1/1/2026 0:00,1/1/2026 0:00
7342,27,9,0,2,4,1767203996,2,0,1/1/2026 0:00,1/1/2027 0:00
1192,27,8,0,2,6,1767203588,0,0.243470445,1/1/2026 0:00,1/1/2026 0:00
2216,27,9,0,2,6,1767204003,0,0.002703248,1/1/2026 0:00,1/1/2026 0:00
2409,27,8,0,2,6,1767203984,0,0.016863879,1/1/2026 0:00,1/1/2026 0:00
2425,27,8,0,2,6,1767202782,0,1.091989636,1/1/2026 10:00,1/1/2026 0:00
2902,27,8,0,2,6,1767203960,0,0.031840112,1/1/2026 0:00,1/1/2026 0:00
3460,89,25,0,2,6,1758499206,0,2.148481607,1/1/2026 0:00,1/1/2026 0:00
4266,27,9,0,2,6,1767203994,0,0.007865794,1/1/2026 0:00,1/1/2026 0:00
5286,27,7,0,2,6,1767203998,0,0.008502061,1/1/2026 0:00,1/1/2026 0:00
6304,27,7,0,2,6,1767203982,0,0.021108732,1/1/2026 0:00,1/1/2026 0:00
6970,27,7,0,2,6,1767204000,0,0.006157403,1/1/2026 0:00,1/1/2026 0:00
7183,27,9,0,2,6,1767203756,0,0.143507376,1/1/2026 0:00,1/1/2026 0:00
7342,27,9,0,2,6,1767203996,0,0.006510796,1/1/2026 0:00,1/1/2026 0:00
1192,27,8,0,2,7,1767203588,0,0.016261401,1/1/2026 0:00,1/1/2026 0:00
2216,27,9,0,2,7,1767204003,0,0,1/1/2026 0:00,1/1/2027 0:00
2409,27,8,0,2,7,1767203984,0,0.032027761,1/1/2026 0:00,1/1/2026 0:00
2425,27,8,0,2,7,1767202782,0,0.073028795,1/1/2026 0:00,1/1/2026 0:00
2902,27,8,0,2,7,1767203960,0,0.000750046,1/1/2026 0:00,1/1/2026 0:00
3460,89,25,0,2,7,1758499206,0,1.147925973,1/1/2026 0:00,1/1/2026 0:00
4266,27,9,0,2,7,1767203994,0,0.00041367,1/1/2026 10:00,1/1/2026 0:00
5286,27,7,0,2,7,1767203998,0,2.04E-05,1/1/2026 0:00,1/1/2026 0:00
6304,27,7,0,2,7,1767203982,0,0.000171321,1/1/2026 0:00,1/1/2026 0:00
6970,27,7,0,2,7,1767204000,0,3.40E-05,1/1/2026 0:00,1/1/2026 0:00
7183,27,9,0,2,7,1767203756,0,0.005051261,1/1/2026 0:00,1/1/2026 0:00
7342,27,9,0,2,7,1767203996,0,2.74E-05,1/1/2026 0:00,1/1/2026 0:00
6701,27,8,0,2,8,1767204008,3,0,1/1/2026 0:00,1/1/2026 0:00
820,42,0,0,4,1,0,0,20.3427372,1/1/2026 0:00,1/1/2026 0:00
4127,42,0,0,4,1,0,0,22.01585197,1/1/2026 0:00,1/1/2026 0:00
6751,42,0,0,4,1,0,0,24.57915115,1/1/2026 0:00,1/1/2027 0:00
820,35,0,0,5,1,0,0,77.31680298,1/1/2026 0:00,1/1/2026 0:00
4127,35,0,0,5,1,0,0,65.0105896,1/1/2026 0:00,1/1/2026 0:00
6751,35,0,0,5,1,0,0,51.34634399,1/1/2026 0:00,1/1/2026 0:00
1201,39,0,0,6,1,0,0,54.38166428,1/1/2026 10:00,1/1/2026 0:00
2061,39,0,0,6,1,0,0,53.9372139,1/1/2026 0:00,1/1/2026 0:00
3037,90,0,0,6,1,0,0,54.15943909,1/1/2026 0:00,1/1/2026 0:00
3180,90,0,0,6,1,0,0,54.63563538,1/1/2026 0:00,1/1/2026 0:00
3446,90,0,0,6,1,0,0,54.00070572,1/1/2026 0:00,1/1/2026 0:00
5691,39,0,0,6,1,0,0,53.66736984,1/1/2026 0:00,1/1/2026 0:00
7211,39,0,0,6,1,0,0,52.98482132,1/1/2026 0:00,1/1/2026 0:00
2551,45,7,0,1,2,1767203929,2,0,1/1/2026 0:00,1/1/2026 0:00
5211,43,0,0,1,2,1767204001,2,0,1/1/2026 0:00,1/1/2026 0:00
5331,45,0,0,1,2,1767203935,2,0,1/1/2026 0:00,1/1/2026 0:00
6376,45,0,0,1,2,1767204009,3,0,1/1/2027 10:00,1/1/2027 0:00
7345,45,0,0,1,2,1767203946,2,0,1/1/2026 0:00,1/1/2026 0:00
49,27,7,0,2,1,1767155381,0,60.25368571,1/1/2026 0:00,1/1/2026 0:00
444,27,7,0,2,1,1766942861,0,0.836860716,1/1/2026 0:00,1/1/2026 0:00
633,27,8,0,2,1,1767148176,0,0.682041466,1/1/2026 0:00,1/1/2027 0:00
2330,27,8,0,2,1,1767159354,0,1.120041609,1/1/2026 0:00,1/1/2026 0:00
4614,27,7,0,2,1,1767175196,0,1.258766651,1/1/2026 0:00,1/1/2026 0:00
7153,27,8,0,2,1,1767191401,0,0.713040709,1/1/2026 0:00,1/1/2026 0:00
7294,27,9,0,2,1,1767191402,0,0.796569407,1/1/2026 0:00,1/1/2027 0:00
2330,27,8,0,2,2,1767159354,0,2408.675049,1/1/2026 0:00,1/1/2026 0:00
5349,27,7,0,2,2,1767164508,0,2817.366455,1/1/2026 0:00,1/1/2026 0:00
5589,27,7,0,2,2,1766948478,0,162287.4512,1/1/2026 0:00,1/1/2026 0:00
6376,27,7,0,2,2,1767142191,0,2753.506836,1/1/2026 0:00,1/1/2026 0:00
6555,27,7,0,2,2,1767177308,0,91417.99316,1/1/2026 0:00,1/1/2026 0:00
2330,27,8,0,2,3,1767159354,0,44.42170334,1/1/2026 0:00,1/1/2026 0:00
5349,27,7,0,2,3,1767164508,0,52.57457352,1/1/2026 0:00,1/1/2026 0:00
5589,27,7,0,2,3,1766948478,0,60.37186432,1/1/2026 0:00,1/1/2026 0:00
6376,27,7,0,2,3,1767142191,0,46.6313591,1/1/2026 0:00,1/1/2026 0:00
6555,27,7,0,2,3,1767177308,0,34.38935852,1/1/2026 0:00,1/1/2026 0:00
768,27,8,0,2,4,1767204009,3,2003,1/1/2026 0:00,1/1/2026 0:00
1296,27,8,0,2,4,1767204009,3,3236,1/1/2026 0:00,1/1/2026 0:00
2619,27,8,0,2,4,1767203828,2,1916,1/1/2026 0:00,1/1/2026 0:00
3290,27,9,0,2,4,1767204009,3,0,1/1/2026 0:00,1/1/2026 0:00
3653,89,25,0,2,4,1767204002,2,1810,1/1/2026 0:00,1/1/2026 0:00
4975,27,8,0,2,4,1767204009,3,0,1/1/2026 0:00,1/1/2026 0:00
5711,27,7,0,2,4,1767204003,2,0,1/1/2026 0:00,1/1/2026 0:00
6076,27,7,0,2,4,1767203996,2,0,1/1/2026 0:00,1/1/2026 0:06
6956,27,9,0,2,4,1767204009,3,0,1/1/2026 0:00,1/1/2026 0:00
2619,27,8,0,2,6,1767203828,0,0.106947228,1/1/2026 0:00,1/1/2026 0:00
3653,89,25,0,2,6,1767204002,0,0.003652902,1/1/2026 0:00,1/1/2026 0:00
5711,27,7,0,2,6,1767204003,0,0.004812239,1/1/2026 0:00,1/1/2026 0:00
6076,27,7,0,2,6,1767203996,0,0.010980113,1/1/2026 0:00,1/1/2026 0:06
2619,27,8,0,2,7,1767203828,0,0.007514986,1/1/2026 0:00,1/1/2026 0:00
3653,89,25,0,2,7,1767204002,0,6.13E-06,1/1/2026 10:00,1/1/2026 0:00
5711,27,7,0,2,7,1767204003,0,0,1/1/2026 0:00,1/1/2026 0:00
6076,27,7,0,2,7,1767203996,0,0.00077302,1/1/2026 0:00,1/1/2026 0:06
698,42,0,0,4,1,0,0,25.60875893,1/1/2026 0:00,1/1/2026 0:00
2631,42,0,0,4,1,0,0,26.38096619,1/1/2026 0:00,1/1/2026 0:00
5238,42,0,0,4,1,0,0,26.00558853,1/1/2026 10:00,1/1/2026 0:00
698,35,0,0,5,1,0,0,49.06515503,1/1/2026 0:00,1/1/2026 0:00
2631,35,0,0,5,1,0,0,52.62808228,1/1/2026 0:00,1/1/2026 0:00
4405,35,0,0,5,1,0,0,35.74423218,1/1/2026 0:00,1/1/2026 0:00
5238,35,0,0,5,1,0,0,54.85586548,1/1/2026 0:00,1/1/2026 0:00
771,39,0,0,6,1,0,0,53.95308685,1/1/2026 0:00,1/1/2026 0:00
3342,39,0,0,6,1,0,0,54.11182022,1/1/2026 0:00,1/1/2026 0:00
6439,39,0,0,6,1,0,0,54.06419754,1/1/2026 0:00,1/1/2026 0:03
1723,46,7,0,1,2,1767204010,3,0,1/1/2026 10:00,1/1/2026 0:00
3728,104,0,0,1,2,1767204010,3,0,1/1/2026 0:00,1/1/2026 0:00
4475,40,0,0,1,2,1767204007,2,0,1/1/2026 0:00,1/1/2026 0:00
5447,40,0,0,1,2,1767204010,3,0,1/1/2026 0:00,1/1/2026 0:00
2369,27,8,0,2,1,1767005911,0,0.961965799,1/1/2026 0:00,1/1/2026 0:00
2212,27,7,0,2,2,1767203876,0,1147.675537,1/1/2026 0:00,1/1/2026 0:00
2212,27,7,0,2,3,1767203876,0,22.62992477,1/1/2026 0:00,1/1/2026 0:00
339,27,7,0,2,4,1767203965,2,143400,1/1/2026 0:00,1/1/2026 0:00
535,27,8,0,2,4,1767204010,3,5007,1/1/2026 0:00,1/1/2026 0:00
897,27,8,0,2,4,1767203883,2,1584,1/1/2026 0:00,1/1/2026 0:00
1726,27,7,0,2,4,1767204010,3,3072,1/1/2026 0:00,1/1/2026 0:00
4134,27,9,0,2,4,1767203928,2,1833,1/1/2026 0:00,1/1/2026 0:00
4961,27,7,0,2,4,1767204002,2,0,1/1/2026 0:00,1/1/2027 0:00
5160,27,9,0,2,4,1767203998,2,0,1/1/2026 0:00,1/1/2026 0:00
5190,27,7,0,2,4,1767203804,2,0,1/1/2026 0:00,1/1/2026 0:00
5320,27,7,0,2,4,1767204010,3,0,1/1/2026 0:00,1/1/2026 0:00
5516,27,7,0,2,4,1767204001,2,0,1/1/2026 0:00,1/1/2026 0:00
6728,27,9,0,2,4,1767203967,2,0,1/1/2026 0:00,1/1/2026 0:00
339,27,7,0,2,6,1767203965,0,0.038556363,1/1/2026 0:00,1/1/2026 0:00
897,27,8,0,2,6,1767203883,0,0.075303458,1/1/2026 0:00,1/1/2026 0:00
4134,27,9,0,2,6,1767203928,0,0.04502726,1/1/2026 0:00,1/1/2026 0:00
4961,27,7,0,2,6,1767204002,0,0.006447732,1/1/2026 0:00,1/1/2026 0:00
5160,27,9,0,2,6,1767203998,0,0.006254029,1/1/2026 0:00,1/1/2026 0:00
5190,27,7,0,2,6,1767203804,0,0.187370896,1/1/2026 0:00,1/1/2026 0:00
5516,27,7,0,2,6,1767204001,0,0.006981969,1/1/2026 0:00,1/1/2027 0:00
6728,27,9,0,2,6,1767203967,0,0.023532234,1/1/2026 0:00,1/1/2026 0:00
339,27,7,0,2,7,1767203965,0,0.002106417,1/1/2026 0:00,1/1/2026 0:00
897,27,8,0,2,7,1767203883,0,0.00600826,1/1/2026 0:00,1/1/2026 0:00
4134,27,9,0,2,7,1767203928,0,0.000960652,1/1/2026 10:00,1/1/2026 0:00
4961,27,7,0,2,7,1767204002,0,0.000159702,1/1/2026 0:00,1/1/2026 0:00
5160,27,9,0,2,7,1767203998,0,0.000145044,1/1/2026 10:00,1/1/2026 0:00
5190,27,7,0,2,7,1767203804,0,0.007300266,1/1/2026 0:00,1/1/2026 0:00
5516,27,7,0,2,7,1767204001,0,0.000293001,1/1/2026 0:00,1/1/2026 0:00
6728,27,9,0,2,7,1767203967,0,0.00060836,1/1/2026 0:00,1/1/2026 0:00
4405,42,0,0,4,1,0,0,32.19396973,1/1/2026 0:00,1/1/2026 0:00
4746,42,0,0,4,1,0,0,28.05408287,1/1/2026 0:00,1/1/2026 0:00
5645,42,0,0,4,1,0,0,24.68640137,1/1/2026 0:00,1/1/2026 0:00
4746,35,0,0,5,1,0,0,42.67935181,1/1/2026 0:00,1/1/2026 0:00
5645,35,0,0,5,1,0,0,53.52835083,1/1/2026 0:00,1/1/2026 0:00
1730,39,0,0,6,1,0,0,53.44514465,1/1/2026 0:00,1/1/2026 0:00
2973,119,0,0,6,1,0,0,53.28641129,1/1/2026 0:00,1/1/2026 0:00
3552,90,0,0,6,1,0,0,55.90549469,1/1/2026 0:00,1/1/2026 0:00
5542,39,0,0,6,1,0,0,53.98483276,1/1/2026 0:00,1/1/2026 0:00
1039,26,0,0,1,2,1767203733,2,0,1/1/2026 0:00,1/1/2026 0:00
1680,46,7,0,1,2,1767204011,3,0,1/1/2026 0:00,1/1/2026 0:00
2551,45,7,0,1,2,1767204011,3,0,1/1/2026 0:00,1/1/2026 0:00
3434,45,8,0,1,2,1767203983,2,0,1/1/2026 0:00,1/1/2026 0:00
820,27,7,0,2,1,1767092187,0,1.46772635,1/1/2026 0:00,1/1/2026 0:00
3954,89,25,0,2,1,1767085151,0,0.708097219,1/1/2026 0:00,1/1/2026 0:00
6734,27,9,0,2,1,1767119366,0,0.724886775,1/1/2026 0:00,1/1/2026 0:00
6935,27,7,0,2,1,1767155387,0,1.099290609,1/1/2026 0:00,1/1/2026 0:00
205,27,7,0,2,2,1767076505,0,4559.810059,1/1/2026 0:00,1/1/2026 0:00
246,27,7,0,2,2,1767193219,0,2055.757568,1/1/2026 0:00,1/1/2026 0:00
820,27,7,0,2,2,1767092187,0,2249.383545,1/1/2026 0:00,1/1/2026 0:00
2564,27,8,0,2,2,1767075858,0,1233.442749,1/1/2026 0:00,1/1/2027 0:00
3563,89,26,0,2,2,1766921727,0,1191.562012,1/1/2026 0:00,1/1/2026 0:00
6116,27,7,0,2,2,1767095724,0,2228.542725,1/1/2026 0:00,1/1/2026 0:00
205,27,7,0,2,3,1767076505,0,82.97639465,1/1/2026 0:00,1/1/2026 0:00
246,27,7,0,2,3,1767193219,0,38.0467186,1/1/2026 0:00,1/1/2026 0:00
820,27,7,0,2,3,1767092187,0,42.41523743,1/1/2026 10:00,1/1/2026 0:00
2564,27,8,0,2,3,1767075858,0,22.80771446,1/1/2026 0:00,1/1/2026 0:00
3563,89,26,0,2,3,1766921727,0,22.02036476,1/1/2026 0:00,1/1/2026 0:00
6116,27,7,0,2,3,1767095724,0,41.19611359,1/1/2026 0:00,1/1/2026 0:00
432,27,8,0,2,4,1767204011,3,2071,1/1/2026 0:00,1/1/2026 0:00
570,27,9,0,2,4,1767203997,2,1840,1/1/2026 0:00,1/1/2026 0:00
1528,27,8,0,2,4,1767204011,3,2084,1/1/2026 0:00,1/1/2026 0:00
2072,27,7,0,2,4,1767203992,2,0,1/1/2026 0:00,1/1/2026 0:00
2285,27,8,0,2,4,1767203888,2,1849,1/1/2026 0:00,1/1/2026 0:00
3508,89,26,0,2,4,1767203733,2,2206,1/1/2026 0:00,1/1/2026 0:00
3587,89,25,0,2,4,1767203970,2,1838,1/1/2026 0:00,1/1/2026 0:00
3878,89,25,0,2,4,1767204011,3,2002,1/1/2026 0:00,1/1/2026 0:00
4345,27,7,0,2,4,1767204011,3,0,1/1/2026 0:00,1/1/2026 0:00
5098,27,7,0,2,4,1767203998,2,0,1/1/2026 0:00,1/1/2026 0:00
5239,27,7,0,2,4,1767204011,3,0,1/1/2026 0:00,1/1/2026 0:00
5366,27,9,0,2,4,1767203968,2,0,1/1/2026 0:00,1/1/2026 0:00
5408,27,7,0,2,4,1767204011,3,0,1/1/2026 0:00,1/1/2026 0:00
5674,27,7,0,2,4,1767204011,3,0,1/1/2026 0:00,1/1/2026 0:00
6704,27,8,0,2,4,1767204011,3,0,1/1/2026 0:00,1/1/2027 0:00
570,27,9,0,2,6,1767203997,0,0.007642728,1/1/2026 0:00,1/1/2026 0:00
2072,27,7,0,2,6,1767203992,0,0.015592031,1/1/2026 0:00,1/1/2026 0:00
2285,27,8,0,2,6,1767203888,0,0.072469927,1/1/2026 0:00,1/1/2026 0:00
3508,89,26,0,2,6,1767203733,0,0.197208107,1/1/2026 0:00,1/1/2026 0:00
3587,89,25,0,2,6,1767203970,0,0.022502042,1/1/2026 0:00,1/1/2026 0:00
5098,27,7,0,2,6,1767203998,0,0.010480027,1/1/2026 0:00,1/1/2026 0:00
5366,27,9,0,2,6,1767203968,0,0.024029253,1/1/2026 0:00,1/1/2026 0:00
570,27,9,0,2,7,1767203997,0,0.000192638,1/1/2026 0:00,1/1/2026 0:00
2072,27,7,0,2,7,1767203992,0,0.000448628,1/1/2026 0:00,1/1/2026 0:00
2285,27,8,0,2,7,1767203888,0,0.005291444,1/1/2026 0:00,1/1/2026 0:00
3508,89,26,0,2,7,1767203733,0,0.006882964,1/1/2026 0:00,1/1/2026 0:00
3587,89,25,0,2,7,1767203970,0,0.000647555,1/1/2026 0:00,1/1/2026 0:00
5098,27,7,0,2,7,1767203998,0,4.00E-05,1/1/2026 0:00,1/1/2026 0:00
5366,27,9,0,2,7,1767203968,0,0.000472957,1/1/2026 0:00,1/1/2026 0:00
3836,92,0,0,4,1,0,0,26.62764359,1/1/2026 0:00,1/1/2026 0:00
3836,91,0,0,5,1,0,0,45.27334595,1/1/2026 0:00,1/1/2026 0:00
236,39,0,0,6,1,0,0,52.95307541,1/1/2026 0:00,1/1/2026 0:00
331,39,0,0,6,1,0,0,53.88959503,1/1/2026 0:00,1/1/2026 0:00
3920,90,0,0,6,1,0,0,53.96895981,1/1/2026 0:00,1/1/2026 0:00
5173,39,0,0,6,1,0,0,53.74673462,1/1/2026 0:00,1/1/2026 0:00
7374,39,0,0,6,1,0,0,54.00070572,1/1/2026 0:00,1/1/2026 0:03
228,45,7,0,1,2,1767204012,3,0,1/1/2026 0:00,1/1/2026 0:00
723,46,7,0,1,2,1767204012,3,0,1/1/2026 0:00,1/1/2026 0:00
5685,40,0,0,1,2,1767204008,2,0,1/1/2026 0:00,1/1/2026 0:04
6974,45,0,0,1,2,1767204008,2,0,1/1/2026 0:00,1/1/2026 0:00
7557,30,9,0,1,2,1767204012,3,0,1/1/2026 0:00,1/1/2026 0:00
1144,27,7,0,2,1,1767176997,0,0.818727553,1/1/2026 0:00,1/1/2026 0:00
4163,27,9,0,2,1,1767166198,0,0.695174456,1/1/2026 0:00,1/1/2027 0:00
4762,27,7,0,2,1,1767153590,0,1.575403214,1/1/2026 0:00,1/1/2026 0:00
7421,27,7,0,2,1,1766971686,0,0.943571508,1/1/2026 0:00,1/1/2026 0:00
53,27,7,0,2,2,1767087805,0,2167.624756,1/1/2026 10:00,1/1/2026 0:00
906,27,7,0,2,2,1767096312,0,1502.216431,1/1/2026 0:00,1/1/2026 0:00
2349,27,9,0,2,2,1767180005,0,1782.947266,1/1/2026 0:00,1/1/2026 0:00
2572,27,8,0,2,2,1767185647,0,3053.865967,1/1/2026 0:00,1/1/2026 0:00
53,27,7,0,2,3,1767087805,0,39.82460403,1/1/2026 0:00,1/1/2026 0:00
906,27,7,0,2,3,1767096312,0,27.78578949,1/1/2026 10:00,1/1/2026 0:00
2349,27,9,0,2,3,1767180005,0,32.58607483,1/1/2026 0:00,1/1/2026 0:00
2572,27,8,0,2,3,1767185647,0,56.48591995,1/1/2026 0:00,1/1/2026 0:00
423,27,7,0,2,4,1767204002,2,2803,1/1/2026 0:00,1/1/2026 0:03
574,27,8,0,2,4,1767203466,2,1974,1/1/2026 0:00,1/1/2026 0:00
580,27,7,0,2,4,1767204006,2,2645,1/1/2026 0:00,1/1/2026 0:00
2462,27,9,0,2,4,1767204000,2,0,1/1/2026 10:00,1/1/2026 0:00
2618,27,9,0,2,4,1767203837,2,92400,1/1/2026 0:00,1/1/2026 0:00
2698,89,25,0,2,4,1767204002,2,1970,1/1/2026 0:00,1/1/2026 0:00
2998,27,9,0,2,4,1767203775,2,1744,1/1/2026 0:00,1/1/2026 0:00
4106,27,9,0,2,4,1767204012,3,0,1/1/2026 0:00,1/1/2026 0:00
4796,27,7,0,2,4,1767203996,2,0,1/1/2026 0:00,1/1/2026 0:00
5039,27,7,0,2,4,1767203968,2,0,1/1/2026 0:00,1/1/2026 0:03
5742,27,7,0,2,4,1767204006,2,0,1/1/2026 0:00,1/1/2026 0:03
6377,27,7,0,2,4,1767204012,3,0,1/1/2026 0:00,1/1/2026 0:00
6766,27,9,0,2,4,1767204012,3,0,1/1/2026 0:00,1/1/2026 0:00
423,27,7,0,2,6,1767204002,0,0.007632377,1/1/2026 0:00,1/1/2026 0:03
574,27,8,0,2,6,1767203466,0,0.33414945,1/1/2026 0:00,1/1/2026 0:00
580,27,7,0,2,6,1767204006,0,0.004586762,1/1/2026 0:00,1/1/2026 0:00
2462,27,9,0,2,6,1767204000,0,0.007926268,1/1/2026 0:00,1/1/2026 0:00
2618,27,9,0,2,6,1767203837,0,0.105964877,1/1/2026 0:00,1/1/2026 0:00
2698,89,25,0,2,6,1767204002,0,0.005480098,1/1/2026 0:00,1/1/2026 0:00
2998,27,9,0,2,6,1767203775,0,0.139929116,1/1/2026 10:00,1/1/2026 0:00
4796,27,7,0,2,6,1767203996,0,0.013208663,1/1/2026 0:00,1/1/2026 0:00
5039,27,7,0,2,6,1767203968,0,0.036299963,1/1/2026 0:00,1/1/2026 0:03
5742,27,7,0,2,6,1767204006,0,0.005797227,1/1/2026 0:00,1/1/2026 0:03
423,27,7,0,2,7,1767204002,0,4.61E-05,1/1/2026 0:00,1/1/2026 0:03
574,27,8,0,2,7,1767203466,0,0.034342945,1/1/2026 0:00,1/1/2026 0:00
580,27,7,0,2,7,1767204006,0,0,1/1/2026 0:00,1/1/2026 0:00
2462,27,9,0,2,7,1767204000,0,8.97E-05,1/1/2026 0:00,1/1/2026 0:00
2618,27,9,0,2,7,1767203837,0,0.009484834,1/1/2026 0:00,1/1/2026 0:00
2698,89,25,0,2,7,1767204002,0,8.91E-05,1/1/2026 10:00,1/1/2026 0:00
2998,27,9,0,2,7,1767203775,0,0.010553412,1/1/2026 0:00,1/1/2026 0:00
4796,27,7,0,2,7,1767203996,0,0.000406667,1/1/2026 0:00,1/1/2026 0:00
5039,27,7,0,2,7,1767203968,0,0.000377276,1/1/2026 10:03,1/1/2026 0:03
5742,27,7,0,2,7,1767204006,0,0,1/1/2026 0:00,1/1/2026 0:03
7557,27,9,0,2,8,1767204012,3,0,1/1/2026 0:00,1/1/2026 0:00
1559,42,0,0,4,1,0,0,29.12659264,1/1/2026 0:00,1/1/2026 0:00
1985,42,0,0,4,1,0,0,24.26812172,1/1/2026 0:00,1/1/2027 0:00
2925,42,0,0,4,1,0,0,23.90346909,1/1/2026 0:00,1/1/2026 0:00
5545,42,0,0,4,1,0,0,27.96828079,1/1/2026 0:00,1/1/2026 0:00
6528,42,0,0,4,1,0,0,30.75680733,1/1/2026 0:00,1/1/2026 0:00
6630,42,0,0,4,1,0,0,31.51828766,1/1/2026 0:00,1/1/2026 0:00
1559,35,0,0,5,1,0,0,1908.137512,1/1/2026 0:00,1/1/2026 0:00
1985,35,0,0,5,1,0,0,53.92507935,1/1/2026 0:00,1/1/2026 0:00
2925,35,0,0,5,1,0,0,49.16433716,1/1/2026 0:00,1/1/2026 0:00
5545,35,0,0,5,1,0,0,40.90933228,1/1/2026 0:00,1/1/2026 0:00
6528,35,0,0,5,1,0,0,37.18618774,1/1/2026 0:00,1/1/2026 0:00
6630,35,0,0,5,1,0,0,39.36056519,1/1/2026 0:00,1/1/2026 0:00
7316,39,0,0,6,1,0,0,53.90546799,1/1/2026 0:00,1/1/2026 0:03
3962,45,0,0,1,2,1767204013,3,0,1/1/2026 0:00,1/1/2027 0:00
331,27,7,0,2,1,1767154300,0,1.248363972,1/1/2026 0:00,1/1/2026 0:00
1357,27,7,0,2,1,1767135576,0,1.271321654,1/1/2026 0:00,1/1/2026 0:00
1995,27,7,0,2,1,1767176996,0,1.632588983,1/1/2026 0:00,1/1/2026 0:00
331,27,7,0,2,2,1767154300,0,133038.269,1/1/2026 0:00,1/1/2026 0:00
3128,27,8,0,2,2,1767066760,0,5509.100098,1/1/2026 0:00,1/1/2026 0:00
331,27,7,0,2,3,1767154300,0,49.37438202,1/1/2026 0:00,1/1/2026 0:00
3128,27,8,0,2,3,1767066760,0,104.006218,1/1/2026 0:00,1/1/2026 0:00
1191,27,8,0,2,4,1767204013,3,2133,1/1/2026 10:00,1/1/2026 0:00
1217,27,8,0,2,4,1767204013,3,3154,1/1/2026 0:00,1/1/2026 0:00
1493,27,8,0,2,4,1767203971,2,1729,1/1/2026 0:00,1/1/2026 0:03
2289,27,8,0,2,4,1767203658,2,1519,1/1/2026 10:00,1/1/2026 0:00
2740,27,8,0,2,4,1767203994,2,1829,1/1/2026 0:00,1/1/2026 0:00
4141,27,7,0,2,4,1767204013,3,0,1/1/2026 0:00,1/1/2026 0:00
5971,27,9,0,2,4,1767204013,3,0,1/1/2026 0:00,1/1/2026 0:00
6163,27,9,0,2,4,1767204013,3,0,1/1/2026 0:00,1/1/2026 0:00
6461,27,8,0,2,4,1767203666,2,0,1/1/2026 0:00,1/1/2026 0:00
1493,27,8,0,2,6,1767203971,0,0.024688412,1/1/2026 0:00,1/1/2026 0:03
2289,27,8,0,2,6,1767203658,0,0.21381174,1/1/2026 0:00,1/1/2026 0:00
2740,27,8,0,2,6,1767203994,0,0.010213748,1/1/2026 0:00,1/1/2026 0:00
3128,27,8,0,2,6,1758444858,0,2.752690077,1/1/2026 0:00,1/1/2026 0:00
6461,27,8,0,2,6,1767203666,0,0.203281343,1/1/2026 0:00,1/1/2026 0:00
1493,27,8,0,2,7,1767203971,0,0.001844794,1/1/2026 0:00,1/1/2026 0:03
2289,27,8,0,2,7,1767203658,0,0.018885007,1/1/2026 0:00,1/1/2026 0:00
2740,27,8,0,2,7,1767203994,0,0.000166265,1/1/2026 0:00,1/1/2026 0:00
3128,27,8,0,2,7,1758444858,0,1.752134442,1/1/2026 0:00,1/1/2026 0:00
6461,27,8,0,2,7,1767203666,0,0.012636407,1/1/2026 0:00,1/1/2026 0:00
297,42,0,0,4,1,0,0,26.08066368,1/1/2026 0:00,1/1/2026 0:00
5145,42,0,0,4,1,0,0,33.00907898,1/1/2026 0:00,1/1/2026 0:00
6619,42,0,0,4,1,0,0,22.95966148,1/1/2026 0:00,1/1/2026 0:00
297,35,0,0,5,1,0,0,49.53817749,1/1/2026 10:00,1/1/2026 0:00
5145,35,0,0,5,1,0,0,36.59872437,1/1/2026 0:00,1/1/2026 0:00
6619,35,0,0,5,1,0,0,58.04495239,1/1/2026 0:00,1/1/2026 0:00
698,39,0,0,6,1,0,0,53.9372139,1/1/2026 0:00,1/1/2026 0:00
820,39,0,0,6,1,0,0,52.68322754,1/1/2026 0:00,1/1/2026 0:00
4127,39,0,0,6,1,0,0,53.9372139,1/1/2026 0:00,1/1/2026 0:00
5238,39,0,0,6,1,0,0,53.69911575,1/1/2026 0:00,1/1/2026 0:03
6751,39,0,0,6,1,0,0,53.96895981,1/1/2026 0:00,1/1/2026 0:00
1826,30,9,0,1,2,1767204014,3,0,1/1/2026 0:00,1/1/2026 0:00
4195,40,0,0,1,2,1767204006,2,0,1/1/2026 0:00,1/1/2026 0:03
4206,45,0,0,1,2,1767204014,3,0,1/1/2026 0:00,1/1/2026 0:04
4347,30,7,0,1,2,1767204014,3,0,1/1/2026 0:00,1/1/2026 0:00
4957,45,0,0,1,2,1767203941,2,0,1/1/2026 0:00,1/1/2026 0:00
5366,45,0,0,1,2,1767204014,3,0,1/1/2026 0:00,1/1/2026 0:00
6162,26,0,0,1,2,1767204014,3,0,1/1/2026 0:00,1/1/2026 0:00
7345,45,0,0,1,2,1767204014,3,0,1/1/2026 0:00,1/1/2026 0:00
1380,27,7,0,2,1,1767043723,0,1.171469331,1/1/2026 0:00,1/1/2026 0:00
1405,27,8,0,2,1,1767158990,0,1.033634663,1/1/2026 0:00,1/1/2026 0:00
1734,27,7,0,2,1,1767171597,0,0.421351641,1/1/2026 0:00,1/1/2026 0:00
3216,89,25,0,2,1,1767180602,0,1.510879636,1/1/2026 0:00,1/1/2026 0:00
5271,27,7,0,2,1,1767158993,0,1.635915637,1/1/2026 0:00,1/1/2026 0:00
244,27,7,0,2,2,1766965779,0,1652.454102,1/1/2026 0:00,1/1/2026 0:00
2718,89,25,0,2,2,1766915055,0,1363.128906,1/1/2026 0:00,1/1/2026 0:00
2966,89,25,0,2,2,1767191359,0,61838.15918,1/1/2026 0:00,1/1/2026 0:00
6146,27,8,0,2,2,1767167334,0,1894.015625,1/1/2026 0:00,1/1/2026 0:00
244,27,7,0,2,3,1766965779,0,30.5288105,1/1/2026 0:00,1/1/2026 0:00
2718,89,25,0,2,3,1766915055,0,25.22055626,1/1/2026 0:00,1/1/2026 0:00
2966,89,25,0,2,3,1767191359,0,22.17275429,1/1/2026 0:00,1/1/2026 0:00
6146,27,8,0,2,3,1767167334,0,35.354496,1/1/2026 0:00,1/1/2026 0:00
488,27,8,0,2,4,1767204014,3,2029,1/1/2026 0:00,1/1/2026 0:00
884,27,7,0,2,4,1767204014,3,3330,1/1/2026 0:00,1/1/2026 0:00
1229,27,7,0,2,4,1767204014,3,3050,1/1/2026 0:00,1/1/2026 0:00
2060,27,9,0,2,4,1767203999,2,1937,1/1/2026 0:00,1/1/2026 0:00
3367,89,25,0,2,4,1767204014,3,121300,1/1/2026 0:00,1/1/2026 0:00
3876,89,25,0,2,4,1767204014,3,2146,1/1/2026 0:00,1/1/2026 0:00
5148,27,7,0,2,4,1767204014,3,0,1/1/2026 0:00,1/1/2026 0:00
6394,27,7,0,2,4,1767203518,2,0,1/1/2026 0:00,1/1/2026 0:03
6791,27,8,0,2,4,1767204014,3,0,1/1/2026 0:00,1/1/2026 0:00
2060,27,9,0,2,6,1767203999,0,0.008277998,1/1/2026 0:00,1/1/2026 0:00
2772,89,25,0,2,6,1767146386,0,2.042715549,1/1/2026 0:00,1/1/2026 0:00
6394,27,7,0,2,6,1767203518,0,0.494536132,1/1/2026 0:00,1/1/2026 0:03
2060,27,9,0,2,7,1767203999,0,0.000194127,1/1/2026 0:00,1/1/2026 0:00
2772,89,25,0,2,7,1767146386,0,1.042159915,1/1/2026 10:00,1/1/2026 0:00
6394,27,7,0,2,7,1767203518,0,0.045466397,1/1/2026 0:00,1/1/2026 0:03
1826,27,9,0,2,8,1767204014,3,9,1/1/2026 0:00,1/1/2026 0:00
4347,27,7,0,2,8,1767204014,3,0,1/1/2026 0:00,1/1/2026 0:00
206,42,0,0,4,1,0,0,28.47236061,1/1/2026 0:00,1/1/2026 0:03
206,35,0,0,5,1,0,0,40.39053345,1/1/2026 10:03,1/1/2026 0:03
2631,39,0,0,6,1,0,0,53.03244019,1/1/2026 0:00,1/1/2026 0:00
4405,39,0,0,6,1,0,0,53.9372139,1/1/2026 0:00,1/1/2027 0:03
4746,39,0,0,6,1,0,0,53.41339874,1/1/2026 0:00,1/1/2026 0:03
5645,39,0,0,6,1,0,0,53.71498871,1/1/2026 0:00,1/1/2026 0:00
1039,26,0,0,1,2,1767204015,3,0,1/1/2026 0:00,1/1/2027 0:00
6268,45,0,0,1,2,1767204015,3,0,1/1/2026 0:00,1/1/2026 0:03
3873,27,9,0,2,1,1767158989,0,0.80601722,1/1/2026 0:00,1/1/2026 0:00
4506,27,7,0,2,1,1766280142,0,1.171172619,1/1/2026 0:00,1/1/2026 0:03
1454,27,8,0,2,2,1767191153,0,1514.130005,1/1/2026 0:00,1/1/2026 0:00
2553,27,9,0,2,2,1767174350,0,1725.963501,1/1/2026 10:00,1/1/2026 0:00
3910,27,7,0,2,2,1767154754,0,2209.938965,1/1/2026 0:00,1/1/2026 0:00
4230,27,7,0,2,2,1767006035,0,3875.934814,1/1/2026 0:00,1/1/2026 0:00
4351,27,7,0,2,2,1767179930,0,1758.012573,1/1/2026 0:00,1/1/2027 0:00
6655,27,7,0,2,2,1767183159,0,5429.855957,1/1/2026 0:00,1/1/2027 0:00
1454,27,8,0,2,3,1767191153,0,28.01437378,1/1/2026 0:00,1/1/2026 0:00
2553,27,9,0,2,3,1767174350,0,1592.476177,1/1/2026 0:00,1/1/2026 0:00
3910,27,7,0,2,3,1767154754,0,41.06912231,1/1/2026 0:00,1/1/2026 0:00
4230,27,7,0,2,3,1767006035,0,72.02970886,1/1/2026 0:00,1/1/2026 0:00
4351,27,7,0,2,3,1767179930,0,32.20510101,1/1/2026 0:00,1/1/2026 0:00
6655,27,7,0,2,3,1767183159,0,104.006218,1/1/2026 0:00,1/1/2026 0:00
489,27,8,0,2,4,1767204015,3,3831,1/1/2026 0:00,1/1/2027 0:00
2015,27,7,0,2,4,1767203550,2,0,1/1/2026 0:00,1/1/2026 0:03
3077,27,9,0,2,4,1767204015,3,3186,1/1/2026 0:00,1/1/2026 0:00
3534,89,25,0,2,4,1767204015,3,2097,1/1/2026 0:00,1/1/2026 0:00
5329,27,7,0,2,4,1767204015,3,0,1/1/2026 0:00,1/1/2026 0:00
6715,27,9,0,2,4,1767204015,3,0,1/1/2026 0:00,1/1/2026 0:00
6970,27,7,0,2,4,1767204015,3,0,1/1/2026 10:03,1/1/2026 0:03
7218,27,9,0,2,4,1767204015,3,0,1/1/2026 0:00,1/1/2026 0:00
7285,27,9,0,2,4,1767204015,3,0,1/1/2026 0:00,1/1/2026 0:00
2015,27,7,0,2,6,1767203550,0,0.441944838,1/1/2026 0:00,1/1/2026 0:03
6655,27,7,0,2,6,1758113768,0,2.716676235,1/1/2026 0:00,1/1/2026 0:00
2015,27,7,0,2,7,1767203550,0,0.055020947,1/1/2026 0:00,1/1/2026 0:03
6655,27,7,0,2,7,1758113768,0,1.215842843,1/1/2026 0:00,1/1/2026 0:00
697,42,0,0,4,1,0,0,26.59546852,1/1/2026 0:00,1/1/2026 0:05
2619,42,0,0,4,1,0,0,25.65166092,1/1/2026 0:00,1/1/2026 0:00
3168,92,0,0,4,1,0,0,26.60619354,1/1/2026 0:00,1/1/2026 0:00
4712,42,0,0,4,1,0,0,25.28700638,1/1/2026 0:00,1/1/2026 0:04
697,35,0,0,5,1,0,0,42.87008667,1/1/2026 0:00,1/1/2026 0:05
2270,35,0,0,5,1,0,0,63.76699829,1/1/2026 0:00,1/1/2026 0:00
2619,35,0,0,5,1,0,0,46.92892456,1/1/2026 0:00,1/1/2026 0:00
3168,91,0,0,5,1,0,0,46.89077759,1/1/2026 0:00,1/1/2026 0:00
4712,35,0,0,5,1,0,0,51.43026733,1/1/2026 0:00,1/1/2026 0:04
315,45,7,0,1,2,1767203894,2,0,1/1/2026 0:00,1/1/2026 0:00
2104,36,0,0,1,2,1767197356,2,0,1/1/2026 0:00,1/1/2026 0:03
2741,26,0,0,1,2,1767204001,2,0,1/1/2026 0:00,1/1/2026 0:00
5211,43,0,0,1,2,1767204016,3,0,1/1/2026 0:00,1/1/2026 0:03
216,27,7,0,2,1,1767167997,0,0.94566828,1/1/2026 0:00,1/1/2026 0:00
588,27,8,0,2,1,1767200412,0,0.894341946,1/1/2026 0:00,1/1/2026 0:00
2104,27,8,0,2,1,1767197356,0,0.656438589,1/1/2026 0:00,1/1/2026 0:03
4888,27,7,0,2,1,1767094163,0,1.230116487,1/1/2026 0:00,1/1/2026 0:04
7273,27,9,0,2,1,1767155391,0,0.775472343,1/1/2026 0:00,1/1/2026 0:00
2913,27,7,0,2,2,1766201075,0,1749.895508,1/1/2026 0:00,1/1/2026 0:00
3228,27,7,0,2,2,1767160739,0,553.8265991,1/1/2026 0:00,1/1/2026 0:00
5177,27,9,0,2,2,1767164620,0,1718.789795,1/1/2026 0:00,1/1/2026 0:00
7257,27,9,0,2,2,1767084256,0,2301.442627,1/1/2026 0:00,1/1/2026 0:03
2913,27,7,0,2,3,1766201075,0,32.35749054,1/1/2026 0:00,1/1/2026 0:00
3228,27,7,0,2,3,1767160739,0,10.36252499,1/1/2026 0:00,1/1/2026 0:00
5177,27,9,0,2,3,1767164620,0,31.95111847,1/1/2026 0:00,1/1/2026 0:00
7257,27,9,0,2,3,1767084256,0,42.64382172,1/1/2026 0:00,1/1/2027 0:03
878,27,7,0,2,4,1767203997,2,0,1/1/2026 0:00,1/1/2026 0:00
1961,27,7,0,2,4,1767203958,2,2771,1/1/2026 0:00,1/1/2026 0:05
2562,27,9,0,2,4,1767203976,2,1797,1/1/2026 0:00,1/1/2026 0:03
3139,89,25,0,2,4,1767204016,3,2444,1/1/2026 0:00,1/1/2026 0:00
4493,27,7,0,2,4,1767204016,3,0,1/1/2026 0:00,1/1/2026 0:00
4733,27,7,0,2,4,1767204016,3,0,1/1/2026 10:00,1/1/2026 0:00
4863,27,7,0,2,4,1767203976,2,0,1/1/2026 0:00,1/1/2027 0:03
6335,27,7,0,2,4,1767203930,2,0,1/1/2026 0:00,1/1/2026 0:00
6992,27,7,0,2,4,1767204016,3,0,1/1/2026 0:00,1/1/2026 0:03
7509,27,9,0,2,4,1767203898,2,0,1/1/2026 0:00,1/1/2026 0:00
878,27,7,0,2,6,1767203997,0,0.016374307,1/1/2026 0:00,1/1/2026 0:00
1961,27,7,0,2,6,1767203958,0,0.052268229,1/1/2026 0:00,1/1/2026 0:05
2562,27,9,0,2,6,1767203976,0,0.023922924,1/1/2026 0:00,1/1/2026 0:03
4863,27,7,0,2,6,1767203976,0,0.033073034,1/1/2026 0:00,1/1/2026 0:03
6335,27,7,0,2,6,1767203930,0,0.09615209,1/1/2026 0:00,1/1/2026 0:00
7509,27,9,0,2,6,1767203898,0,3.277057037,1/1/2026 0:00,1/1/2026 0:00
878,27,7,0,2,7,1767203997,0,0.000966953,1/1/2026 0:00,1/1/2026 0:00
1961,27,7,0,2,7,1767203958,0,0.233121333,1/1/2026 0:00,1/1/2026 0:05
2562,27,9,0,2,7,1767203976,0,0.002130435,1/1/2026 0:00,1/1/2026 0:03
4863,27,7,0,2,7,1767203976,0,0.000496723,1/1/2026 0:00,1/1/2026 0:03
6335,27,7,0,2,7,1767203930,0,0.004223975,1/1/2026 0:00,1/1/2026 0:00
7509,27,9,0,2,7,1767203898,0,0.003475261,1/1/2026 0:00,1/1/2026 0:00
2270,42,0,0,4,1,0,0,21.96222687,1/1/2026 0:00,1/1/2026 0:00
2340,42,0,0,4,1,0,0,24.8043766,1/1/2026 10:00,1/1/2026 0:00
5176,42,0,0,4,1,0,0,30.1025753,1/1/2026 0:00,1/1/2026 0:00
2340,35,0,0,5,1,0,0,54.10055542,1/1/2026 0:00,1/1/2026 0:00
3554,91,0,0,5,1,0,0,48.23355103,1/1/2026 0:00,1/1/2027 0:00
5176,35,0,0,5,1,0,0,1852.824402,1/1/2026 0:00,1/1/2026 0:00
6631,35,0,0,5,1,0,0,27.70285034,1/1/2026 0:00,1/1/2026 0:04
1559,39,0,0,6,1,0,0,55.27056503,1/1/2026 0:00,1/1/2026 0:05
3836,90,0,0,6,1,0,0,54.14356613,1/1/2026 0:00,1/1/2026 0:00
5545,39,0,0,6,1,0,0,53.85784912,1/1/2026 10:03,1/1/2026 0:03
5453,45,0,0,1,2,1767204017,3,0,1/1/2026 0:00,1/1/2026 0:00
1480,27,8,0,2,1,1767177003,0,0.717455268,1/1/2026 0:00,1/1/2026 0:03
2144,27,8,0,2,1,1767067146,0,1.061211824,1/1/2026 10:00,1/1/2026 0:00
2784,27,8,0,2,1,1767068944,0,0.704065979,1/1/2026 0:00,1/1/2026 0:00
3498,89,25,0,2,1,1767137385,0,0.782186627,1/1/2026 0:00,1/1/2026 0:00
7074,27,7,0,2,1,1767157196,0,0.87122035,1/1/2026 0:00,1/1/2026 0:03
540,27,8,0,2,2,1766920885,0,3284.131104,1/1/2026 10:00,1/1/2026 0:00
2356,27,9,0,2,2,1767151554,0,2104.899658,1/1/2026 0:00,1/1/2026 0:00
5439,27,7,0,2,2,1767096388,0,175948.9746,1/1/2026 0:00,1/1/2026 0:00
6656,27,8,0,2,2,1766974304,0,1410.018433,1/1/2026 0:00,1/1/2026 0:00
540,27,8,0,2,3,1766920885,0,65.80711365,1/1/2026 10:00,1/1/2026 0:00
2356,27,9,0,2,3,1767151554,0,41.2977066,1/1/2026 0:00,1/1/2026 0:00
6656,27,8,0,2,3,1766974304,0,26.82065201,1/1/2026 10:00,1/1/2026 0:00
897,27,8,0,2,4,1767204017,3,2082,1/1/2026 0:00,1/1/2026 0:00
5237,27,7,0,2,4,1767204017,3,0,1/1/2026 0:00,1/1/2026 0:00
7206,27,9,0,2,4,1767204017,3,0,1/1/2026 0:00,1/1/2026 0:00
2832,123,0,0,4,1,0,0,22.23035431,1/1/2026 0:00,1/1/2026 0:00
3043,42,0,0,4,1,0,0,28.31148529,1/1/2026 0:00,1/1/2026 0:03
3554,92,0,0,4,1,0,0,23.3135891,1/1/2026 0:00,1/1/2026 0:00
5650,42,0,0,4,1,0,0,26.79924583,1/1/2026 0:00,1/1/2026 0:04
6625,42,0,0,4,1,0,0,23.87129402,1/1/2026 0:00,1/1/2026 0:00
6631,42,0,0,4,1,0,0,36.15153122,1/1/2026 0:00,1/1/2026 0:04
2832,120,0,0,5,1,0,0,77.0039978,1/1/2026 0:00,1/1/2026 0:00
3043,35,0,0,5,1,0,0,2277.400208,1/1/2026 0:00,1/1/2026 0:03
5650,35,0,0,5,1,0,0,52.46786499,1/1/2026 0:00,1/1/2026 0:04
6625,35,0,0,5,1,0,0,57.54904175,1/1/2026 0:00,1/1/2026 0:00
1985,39,0,0,6,1,0,0,54.57214355,1/1/2026 0:00,1/1/2026 0:00
2925,39,0,0,6,1,0,0,53.54038239,1/1/2026 0:00,1/1/2026 0:00
5145,39,0,0,6,1,0,0,52.3022728,1/1/2026 0:00,1/1/2026 0:00
6528,39,0,0,6,1,0,0,53.8260994,1/1/2026 0:00,1/1/2026 0:00
6630,39,0,0,6,1,0,0,52.66735458,1/1/2026 0:00,1/1/2026 0:00
315,45,7,0,1,2,1767204018,3,0,1/1/2026 0:00,1/1/2026 0:00
361,46,7,0,1,2,1767203986,2,0,1/1/2026 0:00,1/1/2026 0:03
3138,95,25,0,1,2,1767204018,3,0,1/1/2026 0:00,1/1/2026 0:00
3728,104,0,0,1,2,1767204010,2,0,1/1/2026 0:00,1/1/2026 0:00
5447,40,0,0,1,2,1767204010,2,0,1/1/2026 0:00,1/1/2026 0:00
1512,27,8,0,2,1,1767178799,0,0.697260559,1/1/2026 0:00,1/1/2026 0:04
1520,27,8,0,2,1,1767067146,0,0.863544226,1/1/2026 0:00,1/1/2026 0:05
5311,27,7,0,2,1,1766899663,0,0.712876499,1/1/2026 0:00,1/1/2026 0:00
2270,27,9,0,2,2,1767179272,0,976.3928833,1/1/2026 0:00,1/1/2026 0:00
4620,27,7,0,2,2,1767193399,0,2018.181274,1/1/2026 0:00,1/1/2026 0:00
5750,27,7,0,2,2,1767036084,0,1785.951172,1/1/2026 0:00,1/1/2026 0:00
2270,27,9,0,2,3,1767179272,0,906.7209244,1/1/2026 0:00,1/1/2026 0:00
4620,27,7,0,2,3,1767193399,0,37.53875351,1/1/2026 0:00,1/1/2026 0:00
5750,27,7,0,2,3,1767036084,0,33.17023849,1/1/2026 0:00,1/1/2026 0:00
403,27,8,0,2,4,1767204018,3,0,1/1/2026 0:00,1/1/2026 0:00
1528,27,8,0,2,4,1767204011,2,1951,1/1/2026 0:00,1/1/2027 0:08
2324,27,8,0,2,4,1767203993,2,1990,1/1/2026 0:00,1/1/2026 0:00
2368,27,7,0,2,4,1767204018,3,3676,1/1/2026 0:00,1/1/2026 0:00
2425,27,8,0,2,4,1767204018,3,3042,1/1/2026 0:00,1/1/2026 0:00
2489,27,8,0,2,4,1767203974,2,1960,1/1/2026 0:00,1/1/2026 0:00
3382,89,25,0,2,4,1767204018,3,2269,1/1/2026 0:00,1/1/2026 0:00
5828,27,8,0,2,4,1767204018,3,0,1/1/2026 0:00,1/1/2026 0:00
6364,27,7,0,2,4,1767204018,3,0,1/1/2026 0:00,1/1/2026 0:00
7158,27,9,0,2,4,1767204018,3,0,1/1/2026 0:00,1/1/2026 0:00
1528,27,8,0,2,6,1767204011,0,0.003819569,1/1/2026 0:00,1/1/2027 0:08
2324,27,8,0,2,6,1767203993,0,0.013664057,1/1/2026 0:00,1/1/2026 0:00
2489,27,8,0,2,6,1767203974,0,0.026265671,1/1/2026 0:00,1/1/2026 0:00
1528,27,8,0,2,7,1767204011,0,2.56E-05,1/1/2026 0:00,1/1/2026 0:08
2324,27,8,0,2,7,1767203993,0,0.000393247,1/1/2026 0:00,1/1/2026 0:00
2489,27,8,0,2,7,1767203974,0,0.001979827,1/1/2026 0:00,1/1/2026 0:00
3138,89,25,0,2,8,1767204018,3,4,1/1/2026 0:00,1/1/2026 0:00
573,42,0,0,4,1,0,0,21.95150185,1/1/2026 0:00,1/1/2026 0:00
3014,92,0,0,4,1,0,0,31.60408974,1/1/2026 0:00,1/1/2026 0:00
7356,42,0,0,4,1,0,0,28.77266312,1/1/2026 0:00,1/1/2026 0:00
573,35,0,0,5,1,0,0,64.43838501,1/1/2026 0:00,1/1/2026 0:00
3014,91,0,0,5,1,0,0,39.07827759,1/1/2026 0:00,1/1/2026 0:00
7356,35,0,0,5,1,0,0,49.23300171,1/1/2026 0:00,1/1/2026 0:00
206,39,0,0,6,1,0,0,54.36579132,1/1/2026 0:00,1/1/2026 0:03
297,39,0,0,6,1,0,0,54.04832458,1/1/2026 0:00,1/1/2026 0:00
6619,39,0,0,6,1,0,0,49.25461197,1/1/2026 0:00,1/1/2026 0:00
2883,46,8,0,1,2,1767204019,3,0,1/1/2026 0:00,1/1/2026 0:00
4347,45,0,0,1,2,1767204019,3,0,1/1/2026 0:00,1/1/2026 0:00
5877,40,0,0,1,2,1767204019,3,0,1/1/2026 0:00,1/1/2026 0:00
23,27,7,0,2,1,1767153590,0,1.052464008,1/1/2026 0:00,1/1/2026 0:03
117,27,7,0,2,1,1767158993,0,1.95587337,1/1/2026 0:00,1/1/2026 0:00
1236,27,7,0,2,1,1767068944,0,1.041598082,1/1/2026 0:00,1/1/2026 0:00
2167,27,8,0,2,1,1767094163,0,0.509213984,1/1/2026 0:00,1/1/2026 0:00
6670,27,7,0,2,1,1767088759,0,1.186218858,1/1/2026 0:00,1/1/2027 0:00
285,27,7,0,2,2,1767180364,0,3998.591064,1/1/2026 0:00,1/1/2026 0:00
825,27,7,0,2,2,1767190240,0,2452.891357,1/1/2026 0:00,1/1/2027 0:00
2555,27,8,0,2,2,1767145843,0,1399.543701,1/1/2026 0:00,1/1/2026 0:00
2800,89,25,0,2,2,1767005164,0,1303.037231,1/1/2026 0:00,1/1/2026 0:00
3679,89,25,0,2,2,1767185239,0,2703.798096,1/1/2026 0:00,1/1/2026 0:00
4581,27,7,0,2,2,1767155901,0,1575.765381,1/1/2026 0:00,1/1/2026 0:03
6700,27,8,0,2,2,1767184609,0,74595.93506,1/1/2026 0:00,1/1/2026 0:00
285,27,7,0,2,3,1767180364,0,3705.618668,1/1/2026 0:00,1/1/2026 0:00
825,27,7,0,2,3,1767190240,0,46.22498703,1/1/2026 0:00,1/1/2026 0:00
2555,27,8,0,2,3,1767145843,0,26.5412693,1/1/2026 0:00,1/1/2026 0:00
2800,89,25,0,2,3,1767005164,0,24.05223274,1/1/2026 0:00,1/1/2026 0:00
3679,89,25,0,2,3,1767185239,0,49.80615234,1/1/2026 0:00,1/1/2026 0:00
4581,27,7,0,2,3,1767155901,0,29.30969048,1/1/2026 0:00,1/1/2026 0:03
6700,27,8,0,2,3,1767184609,0,28.36995125,1/1/2026 0:00,1/1/2026 0:00
512,27,8,0,2,4,1767204019,3,2179,1/1/2026 0:00,1/1/2026 0:00
2413,27,7,0,2,4,1767203967,2,2914,1/1/2026 0:00,1/1/2026 0:00
2745,27,7,0,2,4,1767204019,3,3026,1/1/2026 10:00,1/1/2026 0:00
3056,27,9,0,2,4,1767204019,3,2692,1/1/2026 0:00,1/1/2026 0:00
3098,27,9,0,2,4,1767203997,2,1698,1/1/2026 0:00,1/1/2026 0:00
5376,27,7,0,2,4,1767203996,2,0,1/1/2026 0:00,1/1/2026 0:03
5454,27,9,0,2,4,1767204019,3,0,1/1/2026 0:00,1/1/2026 0:00
5789,27,9,0,2,4,1767203998,2,0,1/1/2026 0:00,1/1/2026 0:00
7274,27,7,0,2,4,1767204019,3,0,1/1/2026 0:00,1/1/2026 0:00
2413,27,7,0,2,6,1767203967,0,0.047325004,1/1/2026 0:00,1/1/2026 0:00
3098,27,9,0,2,6,1767203997,0,0.548715657,1/1/2026 0:00,1/1/2026 0:00
4449,27,7,0,2,6,1767146391,0,1.748010039,1/1/2026 0:00,1/1/2026 0:03
5376,27,7,0,2,6,1767203996,0,0.018989999,1/1/2026 0:00,1/1/2026 0:03
5789,27,9,0,2,6,1767203998,0,0.011633759,1/1/2026 0:00,1/1/2026 0:00
2413,27,7,0,2,7,1767203967,0,0.005004452,1/1/2026 0:00,1/1/2026 0:00
3098,27,9,0,2,7,1767203997,0,0.000146079,1/1/2026 0:00,1/1/2026 0:00
4449,27,7,0,2,7,1767146391,0,0.247198254,1/1/2026 0:00,1/1/2026 0:03
5376,27,7,0,2,7,1767203996,0,0.000376942,1/1/2026 0:00,1/1/2026 0:03
5789,27,9,0,2,7,1767203998,0,0.01128215,1/1/2026 0:00,1/1/2026 0:00
309,42,0,0,4,1,0,0,28.52598572,1/1/2026 0:00,1/1/2026 0:00
637,42,0,0,4,1,0,0,32.38702011,1/1/2026 0:00,1/1/2026 0:00
3330,42,0,0,4,1,0,0,25.74818611,1/1/2026 0:00,1/1/2026 0:00
4334,42,0,0,4,1,0,0,26.79924583,1/1/2026 0:00,1/1/2026 0:00
6947,42,0,0,4,1,0,0,28.13988304,1/1/2026 0:00,1/1/2026 0:03
309,35,0,0,5,1,0,0,43.84664917,1/1/2026 0:00,1/1/2026 0:00
637,35,0,0,5,1,0,0,31.91427612,1/1/2026 0:00,1/1/2026 0:00
3330,35,0,0,5,1,0,0,44.3578186,1/1/2026 10:00,1/1/2026 0:00
4334,35,0,0,5,1,0,0,53.71908569,1/1/2026 0:00,1/1/2026 0:00
6947,35,0,0,5,1,0,0,43.68643188,1/1/2026 0:00,1/1/2026 0:03
4712,39,0,0,6,1,0,0,53.66736984,1/1/2026 0:00,1/1/2026 0:03
15,46,7,0,1,2,1767204020,3,0,1/1/2026 10:00,1/1/2026 0:00
721,45,7,0,1,2,1767204020,3,0,1/1/2026 0:00,1/1/2026 0:00
2907,36,0,0,1,2,1767197357,2,0,1/1/2026 0:00,1/1/2027 0:00
834,27,7,0,2,1,1767137381,0,1.052486658,1/1/2026 0:00,1/1/2026 0:00
1351,27,9,0,2,1,1767137382,0,0.502935469,1/1/2026 0:00,1/1/2026 0:00
2148,27,8,0,2,1,1767157195,0,0.686687291,1/1/2026 0:00,1/1/2026 0:00
2250,27,8,0,2,1,1767164401,0,0.82895267,1/1/2026 0:00,1/1/2026 0:00
4301,27,7,0,2,1,1766896061,0,1.054093242,1/1/2026 0:00,1/1/2026 0:00
6125,27,8,0,2,1,1767067146,0,0.73281008,1/1/2026 0:00,1/1/2026 0:00
5425,27,7,0,2,2,1767068186,0,3339.206787,1/1/2026 0:00,1/1/2026 0:00
6333,27,8,0,2,2,1767194664,0,1005.034912,1/1/2026 0:00,1/1/2026 0:00
5425,27,7,0,2,3,1767068186,0,62.07355499,1/1/2026 0:00,1/1/2026 0:00
6333,27,8,0,2,3,1767194664,0,930.8493614,1/1/2026 0:00,1/1/2026 0:00
160,27,7,0,2,4,1767204020,3,3310,1/1/2026 0:00,1/1/2026 0:04
185,27,7,0,2,4,1767203968,2,3210,1/1/2026 0:00,1/1/2026 0:03
285,27,7,0,2,4,1767203977,2,3476,1/1/2026 0:00,1/1/2026 0:00
3015,89,25,0,2,4,1767204020,3,2013,1/1/2026 0:00,1/1/2027 0:00
3888,89,25,0,2,4,1767204020,3,2144,1/1/2026 0:00,1/1/2026 0:00
4057,27,9,0,2,4,1767204020,3,0,1/1/2026 0:00,1/1/2026 0:00
4156,27,9,0,2,4,1767203991,2,0,1/1/2026 0:00,1/1/2026 0:00
4345,27,7,0,2,4,1767204011,2,0,1/1/2026 0:00,1/1/2026 0:00
5845,27,9,0,2,4,1767203650,2,0,1/1/2026 0:00,1/1/2026 0:03
6374,27,7,0,2,4,1767204020,3,0,1/1/2026 0:00,1/1/2027 0:00
6704,27,8,0,2,4,1767204011,2,0,1/1/2026 0:00,1/1/2026 0:00
6767,27,9,0,2,4,1767204005,2,0,1/1/2026 0:00,1/1/2026 0:00
185,27,7,0,2,6,1767203968,0,0.051409177,1/1/2026 0:00,1/1/2026 0:03
285,27,7,0,2,6,1767203977,0,0.047822889,1/1/2026 0:00,1/1/2026 0:00
4156,27,9,0,2,6,1767203991,0,0.015980287,1/1/2026 0:00,1/1/2027 0:00
4345,27,7,0,2,6,1767204011,0,0.006859552,1/1/2026 0:00,1/1/2026 0:00
5845,27,9,0,2,6,1767203650,0,0.218656436,1/1/2026 0:00,1/1/2027 0:03
6704,27,8,0,2,6,1767204011,0,0.007473917,1/1/2026 0:00,1/1/2026 0:00
6767,27,9,0,2,6,1767204005,0,0.008496001,1/1/2026 0:00,1/1/2026 0:00
185,27,7,0,2,7,1767203968,0,0.001976467,1/1/2026 0:00,1/1/2026 0:03
285,27,7,0,2,7,1767203977,0,0.001621699,1/1/2026 0:00,1/1/2026 0:00
4156,27,9,0,2,7,1767203991,0,0.000162883,1/1/2026 0:00,1/1/2026 0:00
4345,27,7,0,2,7,1767204011,0,0.000161246,1/1/2026 0:00,1/1/2026 0:00
5845,27,9,0,2,7,1767203650,0,0.014951543,1/1/2026 0:00,1/1/2026 0:03
6704,27,8,0,2,7,1767204011,0,0.00016252,1/1/2026 0:00,1/1/2026 0:00
6767,27,9,0,2,7,1767204005,0,0.019711592,1/1/2026 0:00,1/1/2026 0:00
